Added Component: Designator=D1(DIOD-SOD123-2_V)
Add component (AddParameter): Name = "Brand"; Value = "DiodesIncorporated"; VariantName = "[No Variations]"
Add component (AddParameter): Name = "Configuration"; Value = "Single"; VariantName = "[No Variations]"
Add component (AddParameter): Name = "Datasheet URL"; Value = "http://www.farnell.com/datasheets/1915529.pdf"; VariantName = "[No Variations]"
Add component (AddParameter): Name = "Datasheet Version"; Value = "Rev. 24-2, 10/2013"; VariantName = "[No Variations]"
Add component (AddParameter): Name = "Factory Pack Quantity"; Value = "3000"; VariantName = "[No Variations]"
Add component (AddParameter): Name = "Height"; Value = "1.25mm"; VariantName = "[No Variations]"
Add component (AddParameter): Name = "If - Forward Current"; Value = "0.15A"; VariantName = "[No Variations]"
Add component (AddParameter): Name = "Ir - Reverse Current"; Value = "1uA"; VariantName = "[No Variations]"
Add component (AddParameter): Name = "Length"; Value = "2.85mm"; VariantName = "[No Variations]"
Add component (AddParameter): Name = "Manufacturer"; Value = "DiodesIncorporated"; VariantName = "[No Variations]"
Add component (AddParameter): Name = "Manufacturer URL"; Value = "http://www.diodes.com/"; VariantName = "[No Variations]"
Add component (AddParameter): Name = "Max Surge Current"; Value = "2A"; VariantName = "[No Variations]"
Add component (AddParameter): Name = "Maximum Operating Temperature"; Value = "+150C"; VariantName = "[No Variations]"
Add component (AddParameter): Name = "Minimum Operating Temperature"; Value = "-65C"; VariantName = "[No Variations]"
Add component (AddParameter): Name = "Mounting Style"; Value = "SMD/SMT"; VariantName = "[No Variations]"
Add component (AddParameter): Name = "Operating Temperature Range"; Value = "-65Cto+150C"; VariantName = "[No Variations]"
Add component (AddParameter): Name = "Package / Case"; Value = "SOD-123"; VariantName = "[No Variations]"
Add component (AddParameter): Name = "Package Reference"; Value = "SOD123-2"; VariantName = "[No Variations]"
Add component (AddParameter): Name = "Package URL"; Value = "http://www.diodes.com/datasheets/ds18004.pdf"; VariantName = "[No Variations]"
Add component (AddParameter): Name = "Packaging"; Value = "Reel"; VariantName = "[No Variations]"
Add component (AddParameter): Name = "Peak Reverse Voltage"; Value = "100V"; VariantName = "[No Variations]"
Add component (AddParameter): Name = "Product"; Value = "SwitchingDiodes"; VariantName = "[No Variations]"
Add component (AddParameter): Name = "Product Category"; Value = "Diodes-GeneralPurpose,Power,Switching"; VariantName = "[No Variations]"
Add component (AddParameter): Name = "Recovery Time"; Value = "4ns"; VariantName = "[No Variations]"
Add component (AddParameter): Name = "RoHS"; Value = "True"; VariantName = "[No Variations]"
Add component (AddParameter): Name = "Series"; Value = "1N4148"; VariantName = "[No Variations]"
Add component (AddParameter): Name = "Type"; Value = "SwitchingDiode"; VariantName = "[No Variations]"
Add component (AddParameter): Name = "Unit Weight"; Value = "0.000353oz"; VariantName = "[No Variations]"
Add component (AddParameter): Name = "Vf - Forward Voltage"; Value = "1.25V"; VariantName = "[No Variations]"
Add component (AddParameter): Name = "Width"; Value = "1.7mm"; VariantName = "[No Variations]"
Added Component: Designator=D2(DIOD-SOD123-2_V)
Add component (AddParameter): Name = "Brand"; Value = "DiodesIncorporated"; VariantName = "[No Variations]"
Add component (AddParameter): Name = "Configuration"; Value = "Single"; VariantName = "[No Variations]"
Add component (AddParameter): Name = "Datasheet URL"; Value = "http://www.farnell.com/datasheets/1915529.pdf"; VariantName = "[No Variations]"
Add component (AddParameter): Name = "Datasheet Version"; Value = "Rev. 24-2, 10/2013"; VariantName = "[No Variations]"
Add component (AddParameter): Name = "Factory Pack Quantity"; Value = "3000"; VariantName = "[No Variations]"
Add component (AddParameter): Name = "Height"; Value = "1.25mm"; VariantName = "[No Variations]"
Add component (AddParameter): Name = "If - Forward Current"; Value = "0.15A"; VariantName = "[No Variations]"
Add component (AddParameter): Name = "Ir - Reverse Current"; Value = "1uA"; VariantName = "[No Variations]"
Add component (AddParameter): Name = "Length"; Value = "2.85mm"; VariantName = "[No Variations]"
Add component (AddParameter): Name = "Manufacturer"; Value = "DiodesIncorporated"; VariantName = "[No Variations]"
Add component (AddParameter): Name = "Manufacturer URL"; Value = "http://www.diodes.com/"; VariantName = "[No Variations]"
Add component (AddParameter): Name = "Max Surge Current"; Value = "2A"; VariantName = "[No Variations]"
Add component (AddParameter): Name = "Maximum Operating Temperature"; Value = "+150C"; VariantName = "[No Variations]"
Add component (AddParameter): Name = "Minimum Operating Temperature"; Value = "-65C"; VariantName = "[No Variations]"
Add component (AddParameter): Name = "Mounting Style"; Value = "SMD/SMT"; VariantName = "[No Variations]"
Add component (AddParameter): Name = "Operating Temperature Range"; Value = "-65Cto+150C"; VariantName = "[No Variations]"
Add component (AddParameter): Name = "Package / Case"; Value = "SOD-123"; VariantName = "[No Variations]"
Add component (AddParameter): Name = "Package Reference"; Value = "SOD123-2"; VariantName = "[No Variations]"
Add component (AddParameter): Name = "Package URL"; Value = "http://www.diodes.com/datasheets/ds18004.pdf"; VariantName = "[No Variations]"
Add component (AddParameter): Name = "Packaging"; Value = "Reel"; VariantName = "[No Variations]"
Add component (AddParameter): Name = "Peak Reverse Voltage"; Value = "100V"; VariantName = "[No Variations]"
Add component (AddParameter): Name = "Product"; Value = "SwitchingDiodes"; VariantName = "[No Variations]"
Add component (AddParameter): Name = "Product Category"; Value = "Diodes-GeneralPurpose,Power,Switching"; VariantName = "[No Variations]"
Add component (AddParameter): Name = "Recovery Time"; Value = "4ns"; VariantName = "[No Variations]"
Add component (AddParameter): Name = "RoHS"; Value = "True"; VariantName = "[No Variations]"
Add component (AddParameter): Name = "Series"; Value = "1N4148"; VariantName = "[No Variations]"
Add component (AddParameter): Name = "Type"; Value = "SwitchingDiode"; VariantName = "[No Variations]"
Add component (AddParameter): Name = "Unit Weight"; Value = "0.000353oz"; VariantName = "[No Variations]"
Add component (AddParameter): Name = "Vf - Forward Voltage"; Value = "1.25V"; VariantName = "[No Variations]"
Add component (AddParameter): Name = "Width"; Value = "1.7mm"; VariantName = "[No Variations]"
Added Component: Designator=D3(DIOD-SOD123-2_V)
Add component (AddParameter): Name = "Brand"; Value = "DiodesIncorporated"; VariantName = "[No Variations]"
Add component (AddParameter): Name = "Configuration"; Value = "Single"; VariantName = "[No Variations]"
Add component (AddParameter): Name = "Datasheet URL"; Value = "http://www.farnell.com/datasheets/1915529.pdf"; VariantName = "[No Variations]"
Add component (AddParameter): Name = "Datasheet Version"; Value = "Rev. 24-2, 10/2013"; VariantName = "[No Variations]"
Add component (AddParameter): Name = "Factory Pack Quantity"; Value = "3000"; VariantName = "[No Variations]"
Add component (AddParameter): Name = "Height"; Value = "1.25mm"; VariantName = "[No Variations]"
Add component (AddParameter): Name = "If - Forward Current"; Value = "0.15A"; VariantName = "[No Variations]"
Add component (AddParameter): Name = "Ir - Reverse Current"; Value = "1uA"; VariantName = "[No Variations]"
Add component (AddParameter): Name = "Length"; Value = "2.85mm"; VariantName = "[No Variations]"
Add component (AddParameter): Name = "Manufacturer"; Value = "DiodesIncorporated"; VariantName = "[No Variations]"
Add component (AddParameter): Name = "Manufacturer URL"; Value = "http://www.diodes.com/"; VariantName = "[No Variations]"
Add component (AddParameter): Name = "Max Surge Current"; Value = "2A"; VariantName = "[No Variations]"
Add component (AddParameter): Name = "Maximum Operating Temperature"; Value = "+150C"; VariantName = "[No Variations]"
Add component (AddParameter): Name = "Minimum Operating Temperature"; Value = "-65C"; VariantName = "[No Variations]"
Add component (AddParameter): Name = "Mounting Style"; Value = "SMD/SMT"; VariantName = "[No Variations]"
Add component (AddParameter): Name = "Operating Temperature Range"; Value = "-65Cto+150C"; VariantName = "[No Variations]"
Add component (AddParameter): Name = "Package / Case"; Value = "SOD-123"; VariantName = "[No Variations]"
Add component (AddParameter): Name = "Package Reference"; Value = "SOD123-2"; VariantName = "[No Variations]"
Add component (AddParameter): Name = "Package URL"; Value = "http://www.diodes.com/datasheets/ds18004.pdf"; VariantName = "[No Variations]"
Add component (AddParameter): Name = "Packaging"; Value = "Reel"; VariantName = "[No Variations]"
Add component (AddParameter): Name = "Peak Reverse Voltage"; Value = "100V"; VariantName = "[No Variations]"
Add component (AddParameter): Name = "Product"; Value = "SwitchingDiodes"; VariantName = "[No Variations]"
Add component (AddParameter): Name = "Product Category"; Value = "Diodes-GeneralPurpose,Power,Switching"; VariantName = "[No Variations]"
Add component (AddParameter): Name = "Recovery Time"; Value = "4ns"; VariantName = "[No Variations]"
Add component (AddParameter): Name = "RoHS"; Value = "True"; VariantName = "[No Variations]"
Add component (AddParameter): Name = "Series"; Value = "1N4148"; VariantName = "[No Variations]"
Add component (AddParameter): Name = "Type"; Value = "SwitchingDiode"; VariantName = "[No Variations]"
Add component (AddParameter): Name = "Unit Weight"; Value = "0.000353oz"; VariantName = "[No Variations]"
Add component (AddParameter): Name = "Vf - Forward Voltage"; Value = "1.25V"; VariantName = "[No Variations]"
Add component (AddParameter): Name = "Width"; Value = "1.7mm"; VariantName = "[No Variations]"
Added Component: Designator=D4(DIOD-SOD123-2_V)
Add component (AddParameter): Name = "Brand"; Value = "DiodesIncorporated"; VariantName = "[No Variations]"
Add component (AddParameter): Name = "Configuration"; Value = "Single"; VariantName = "[No Variations]"
Add component (AddParameter): Name = "Datasheet URL"; Value = "http://www.farnell.com/datasheets/1915529.pdf"; VariantName = "[No Variations]"
Add component (AddParameter): Name = "Datasheet Version"; Value = "Rev. 24-2, 10/2013"; VariantName = "[No Variations]"
Add component (AddParameter): Name = "Factory Pack Quantity"; Value = "3000"; VariantName = "[No Variations]"
Add component (AddParameter): Name = "Height"; Value = "1.25mm"; VariantName = "[No Variations]"
Add component (AddParameter): Name = "If - Forward Current"; Value = "0.15A"; VariantName = "[No Variations]"
Add component (AddParameter): Name = "Ir - Reverse Current"; Value = "1uA"; VariantName = "[No Variations]"
Add component (AddParameter): Name = "Length"; Value = "2.85mm"; VariantName = "[No Variations]"
Add component (AddParameter): Name = "Manufacturer"; Value = "DiodesIncorporated"; VariantName = "[No Variations]"
Add component (AddParameter): Name = "Manufacturer URL"; Value = "http://www.diodes.com/"; VariantName = "[No Variations]"
Add component (AddParameter): Name = "Max Surge Current"; Value = "2A"; VariantName = "[No Variations]"
Add component (AddParameter): Name = "Maximum Operating Temperature"; Value = "+150C"; VariantName = "[No Variations]"
Add component (AddParameter): Name = "Minimum Operating Temperature"; Value = "-65C"; VariantName = "[No Variations]"
Add component (AddParameter): Name = "Mounting Style"; Value = "SMD/SMT"; VariantName = "[No Variations]"
Add component (AddParameter): Name = "Operating Temperature Range"; Value = "-65Cto+150C"; VariantName = "[No Variations]"
Add component (AddParameter): Name = "Package / Case"; Value = "SOD-123"; VariantName = "[No Variations]"
Add component (AddParameter): Name = "Package Reference"; Value = "SOD123-2"; VariantName = "[No Variations]"
Add component (AddParameter): Name = "Package URL"; Value = "http://www.diodes.com/datasheets/ds18004.pdf"; VariantName = "[No Variations]"
Add component (AddParameter): Name = "Packaging"; Value = "Reel"; VariantName = "[No Variations]"
Add component (AddParameter): Name = "Peak Reverse Voltage"; Value = "100V"; VariantName = "[No Variations]"
Add component (AddParameter): Name = "Product"; Value = "SwitchingDiodes"; VariantName = "[No Variations]"
Add component (AddParameter): Name = "Product Category"; Value = "Diodes-GeneralPurpose,Power,Switching"; VariantName = "[No Variations]"
Add component (AddParameter): Name = "Recovery Time"; Value = "4ns"; VariantName = "[No Variations]"
Add component (AddParameter): Name = "RoHS"; Value = "True"; VariantName = "[No Variations]"
Add component (AddParameter): Name = "Series"; Value = "1N4148"; VariantName = "[No Variations]"
Add component (AddParameter): Name = "Type"; Value = "SwitchingDiode"; VariantName = "[No Variations]"
Add component (AddParameter): Name = "Unit Weight"; Value = "0.000353oz"; VariantName = "[No Variations]"
Add component (AddParameter): Name = "Vf - Forward Voltage"; Value = "1.25V"; VariantName = "[No Variations]"
Add component (AddParameter): Name = "Width"; Value = "1.7mm"; VariantName = "[No Variations]"
Added Component: Designator=D5(DIOD-SOD123-2_V)
Add component (AddParameter): Name = "Brand"; Value = "DiodesIncorporated"; VariantName = "[No Variations]"
Add component (AddParameter): Name = "Configuration"; Value = "Single"; VariantName = "[No Variations]"
Add component (AddParameter): Name = "Datasheet URL"; Value = "http://www.farnell.com/datasheets/1915529.pdf"; VariantName = "[No Variations]"
Add component (AddParameter): Name = "Datasheet Version"; Value = "Rev. 24-2, 10/2013"; VariantName = "[No Variations]"
Add component (AddParameter): Name = "Factory Pack Quantity"; Value = "3000"; VariantName = "[No Variations]"
Add component (AddParameter): Name = "Height"; Value = "1.25mm"; VariantName = "[No Variations]"
Add component (AddParameter): Name = "If - Forward Current"; Value = "0.15A"; VariantName = "[No Variations]"
Add component (AddParameter): Name = "Ir - Reverse Current"; Value = "1uA"; VariantName = "[No Variations]"
Add component (AddParameter): Name = "Length"; Value = "2.85mm"; VariantName = "[No Variations]"
Add component (AddParameter): Name = "Manufacturer"; Value = "DiodesIncorporated"; VariantName = "[No Variations]"
Add component (AddParameter): Name = "Manufacturer URL"; Value = "http://www.diodes.com/"; VariantName = "[No Variations]"
Add component (AddParameter): Name = "Max Surge Current"; Value = "2A"; VariantName = "[No Variations]"
Add component (AddParameter): Name = "Maximum Operating Temperature"; Value = "+150C"; VariantName = "[No Variations]"
Add component (AddParameter): Name = "Minimum Operating Temperature"; Value = "-65C"; VariantName = "[No Variations]"
Add component (AddParameter): Name = "Mounting Style"; Value = "SMD/SMT"; VariantName = "[No Variations]"
Add component (AddParameter): Name = "Operating Temperature Range"; Value = "-65Cto+150C"; VariantName = "[No Variations]"
Add component (AddParameter): Name = "Package / Case"; Value = "SOD-123"; VariantName = "[No Variations]"
Add component (AddParameter): Name = "Package Reference"; Value = "SOD123-2"; VariantName = "[No Variations]"
Add component (AddParameter): Name = "Package URL"; Value = "http://www.diodes.com/datasheets/ds18004.pdf"; VariantName = "[No Variations]"
Add component (AddParameter): Name = "Packaging"; Value = "Reel"; VariantName = "[No Variations]"
Add component (AddParameter): Name = "Peak Reverse Voltage"; Value = "100V"; VariantName = "[No Variations]"
Add component (AddParameter): Name = "Product"; Value = "SwitchingDiodes"; VariantName = "[No Variations]"
Add component (AddParameter): Name = "Product Category"; Value = "Diodes-GeneralPurpose,Power,Switching"; VariantName = "[No Variations]"
Add component (AddParameter): Name = "Recovery Time"; Value = "4ns"; VariantName = "[No Variations]"
Add component (AddParameter): Name = "RoHS"; Value = "True"; VariantName = "[No Variations]"
Add component (AddParameter): Name = "Series"; Value = "1N4148"; VariantName = "[No Variations]"
Add component (AddParameter): Name = "Type"; Value = "SwitchingDiode"; VariantName = "[No Variations]"
Add component (AddParameter): Name = "Unit Weight"; Value = "0.000353oz"; VariantName = "[No Variations]"
Add component (AddParameter): Name = "Vf - Forward Voltage"; Value = "1.25V"; VariantName = "[No Variations]"
Add component (AddParameter): Name = "Width"; Value = "1.7mm"; VariantName = "[No Variations]"
Added Component: Designator=D6(DIOD-SOD123-2_V)
Add component (AddParameter): Name = "Brand"; Value = "DiodesIncorporated"; VariantName = "[No Variations]"
Add component (AddParameter): Name = "Configuration"; Value = "Single"; VariantName = "[No Variations]"
Add component (AddParameter): Name = "Datasheet URL"; Value = "http://www.farnell.com/datasheets/1915529.pdf"; VariantName = "[No Variations]"
Add component (AddParameter): Name = "Datasheet Version"; Value = "Rev. 24-2, 10/2013"; VariantName = "[No Variations]"
Add component (AddParameter): Name = "Factory Pack Quantity"; Value = "3000"; VariantName = "[No Variations]"
Add component (AddParameter): Name = "Height"; Value = "1.25mm"; VariantName = "[No Variations]"
Add component (AddParameter): Name = "If - Forward Current"; Value = "0.15A"; VariantName = "[No Variations]"
Add component (AddParameter): Name = "Ir - Reverse Current"; Value = "1uA"; VariantName = "[No Variations]"
Add component (AddParameter): Name = "Length"; Value = "2.85mm"; VariantName = "[No Variations]"
Add component (AddParameter): Name = "Manufacturer"; Value = "DiodesIncorporated"; VariantName = "[No Variations]"
Add component (AddParameter): Name = "Manufacturer URL"; Value = "http://www.diodes.com/"; VariantName = "[No Variations]"
Add component (AddParameter): Name = "Max Surge Current"; Value = "2A"; VariantName = "[No Variations]"
Add component (AddParameter): Name = "Maximum Operating Temperature"; Value = "+150C"; VariantName = "[No Variations]"
Add component (AddParameter): Name = "Minimum Operating Temperature"; Value = "-65C"; VariantName = "[No Variations]"
Add component (AddParameter): Name = "Mounting Style"; Value = "SMD/SMT"; VariantName = "[No Variations]"
Add component (AddParameter): Name = "Operating Temperature Range"; Value = "-65Cto+150C"; VariantName = "[No Variations]"
Add component (AddParameter): Name = "Package / Case"; Value = "SOD-123"; VariantName = "[No Variations]"
Add component (AddParameter): Name = "Package Reference"; Value = "SOD123-2"; VariantName = "[No Variations]"
Add component (AddParameter): Name = "Package URL"; Value = "http://www.diodes.com/datasheets/ds18004.pdf"; VariantName = "[No Variations]"
Add component (AddParameter): Name = "Packaging"; Value = "Reel"; VariantName = "[No Variations]"
Add component (AddParameter): Name = "Peak Reverse Voltage"; Value = "100V"; VariantName = "[No Variations]"
Add component (AddParameter): Name = "Product"; Value = "SwitchingDiodes"; VariantName = "[No Variations]"
Add component (AddParameter): Name = "Product Category"; Value = "Diodes-GeneralPurpose,Power,Switching"; VariantName = "[No Variations]"
Add component (AddParameter): Name = "Recovery Time"; Value = "4ns"; VariantName = "[No Variations]"
Add component (AddParameter): Name = "RoHS"; Value = "True"; VariantName = "[No Variations]"
Add component (AddParameter): Name = "Series"; Value = "1N4148"; VariantName = "[No Variations]"
Add component (AddParameter): Name = "Type"; Value = "SwitchingDiode"; VariantName = "[No Variations]"
Add component (AddParameter): Name = "Unit Weight"; Value = "0.000353oz"; VariantName = "[No Variations]"
Add component (AddParameter): Name = "Vf - Forward Voltage"; Value = "1.25V"; VariantName = "[No Variations]"
Add component (AddParameter): Name = "Width"; Value = "1.7mm"; VariantName = "[No Variations]"
Added Component: Designator=D7(DIOD-SOD123-2_V)
Add component (AddParameter): Name = "Brand"; Value = "DiodesIncorporated"; VariantName = "[No Variations]"
Add component (AddParameter): Name = "Configuration"; Value = "Single"; VariantName = "[No Variations]"
Add component (AddParameter): Name = "Datasheet URL"; Value = "http://www.farnell.com/datasheets/1915529.pdf"; VariantName = "[No Variations]"
Add component (AddParameter): Name = "Datasheet Version"; Value = "Rev. 24-2, 10/2013"; VariantName = "[No Variations]"
Add component (AddParameter): Name = "Factory Pack Quantity"; Value = "3000"; VariantName = "[No Variations]"
Add component (AddParameter): Name = "Height"; Value = "1.25mm"; VariantName = "[No Variations]"
Add component (AddParameter): Name = "If - Forward Current"; Value = "0.15A"; VariantName = "[No Variations]"
Add component (AddParameter): Name = "Ir - Reverse Current"; Value = "1uA"; VariantName = "[No Variations]"
Add component (AddParameter): Name = "Length"; Value = "2.85mm"; VariantName = "[No Variations]"
Add component (AddParameter): Name = "Manufacturer"; Value = "DiodesIncorporated"; VariantName = "[No Variations]"
Add component (AddParameter): Name = "Manufacturer URL"; Value = "http://www.diodes.com/"; VariantName = "[No Variations]"
Add component (AddParameter): Name = "Max Surge Current"; Value = "2A"; VariantName = "[No Variations]"
Add component (AddParameter): Name = "Maximum Operating Temperature"; Value = "+150C"; VariantName = "[No Variations]"
Add component (AddParameter): Name = "Minimum Operating Temperature"; Value = "-65C"; VariantName = "[No Variations]"
Add component (AddParameter): Name = "Mounting Style"; Value = "SMD/SMT"; VariantName = "[No Variations]"
Add component (AddParameter): Name = "Operating Temperature Range"; Value = "-65Cto+150C"; VariantName = "[No Variations]"
Add component (AddParameter): Name = "Package / Case"; Value = "SOD-123"; VariantName = "[No Variations]"
Add component (AddParameter): Name = "Package Reference"; Value = "SOD123-2"; VariantName = "[No Variations]"
Add component (AddParameter): Name = "Package URL"; Value = "http://www.diodes.com/datasheets/ds18004.pdf"; VariantName = "[No Variations]"
Add component (AddParameter): Name = "Packaging"; Value = "Reel"; VariantName = "[No Variations]"
Add component (AddParameter): Name = "Peak Reverse Voltage"; Value = "100V"; VariantName = "[No Variations]"
Add component (AddParameter): Name = "Product"; Value = "SwitchingDiodes"; VariantName = "[No Variations]"
Add component (AddParameter): Name = "Product Category"; Value = "Diodes-GeneralPurpose,Power,Switching"; VariantName = "[No Variations]"
Add component (AddParameter): Name = "Recovery Time"; Value = "4ns"; VariantName = "[No Variations]"
Add component (AddParameter): Name = "RoHS"; Value = "True"; VariantName = "[No Variations]"
Add component (AddParameter): Name = "Series"; Value = "1N4148"; VariantName = "[No Variations]"
Add component (AddParameter): Name = "Type"; Value = "SwitchingDiode"; VariantName = "[No Variations]"
Add component (AddParameter): Name = "Unit Weight"; Value = "0.000353oz"; VariantName = "[No Variations]"
Add component (AddParameter): Name = "Vf - Forward Voltage"; Value = "1.25V"; VariantName = "[No Variations]"
Add component (AddParameter): Name = "Width"; Value = "1.7mm"; VariantName = "[No Variations]"
Added Component: Designator=D8(DIOD-SOD123-2_V)
Add component (AddParameter): Name = "Brand"; Value = "DiodesIncorporated"; VariantName = "[No Variations]"
Add component (AddParameter): Name = "Configuration"; Value = "Single"; VariantName = "[No Variations]"
Add component (AddParameter): Name = "Datasheet URL"; Value = "http://www.farnell.com/datasheets/1915529.pdf"; VariantName = "[No Variations]"
Add component (AddParameter): Name = "Datasheet Version"; Value = "Rev. 24-2, 10/2013"; VariantName = "[No Variations]"
Add component (AddParameter): Name = "Factory Pack Quantity"; Value = "3000"; VariantName = "[No Variations]"
Add component (AddParameter): Name = "Height"; Value = "1.25mm"; VariantName = "[No Variations]"
Add component (AddParameter): Name = "If - Forward Current"; Value = "0.15A"; VariantName = "[No Variations]"
Add component (AddParameter): Name = "Ir - Reverse Current"; Value = "1uA"; VariantName = "[No Variations]"
Add component (AddParameter): Name = "Length"; Value = "2.85mm"; VariantName = "[No Variations]"
Add component (AddParameter): Name = "Manufacturer"; Value = "DiodesIncorporated"; VariantName = "[No Variations]"
Add component (AddParameter): Name = "Manufacturer URL"; Value = "http://www.diodes.com/"; VariantName = "[No Variations]"
Add component (AddParameter): Name = "Max Surge Current"; Value = "2A"; VariantName = "[No Variations]"
Add component (AddParameter): Name = "Maximum Operating Temperature"; Value = "+150C"; VariantName = "[No Variations]"
Add component (AddParameter): Name = "Minimum Operating Temperature"; Value = "-65C"; VariantName = "[No Variations]"
Add component (AddParameter): Name = "Mounting Style"; Value = "SMD/SMT"; VariantName = "[No Variations]"
Add component (AddParameter): Name = "Operating Temperature Range"; Value = "-65Cto+150C"; VariantName = "[No Variations]"
Add component (AddParameter): Name = "Package / Case"; Value = "SOD-123"; VariantName = "[No Variations]"
Add component (AddParameter): Name = "Package Reference"; Value = "SOD123-2"; VariantName = "[No Variations]"
Add component (AddParameter): Name = "Package URL"; Value = "http://www.diodes.com/datasheets/ds18004.pdf"; VariantName = "[No Variations]"
Add component (AddParameter): Name = "Packaging"; Value = "Reel"; VariantName = "[No Variations]"
Add component (AddParameter): Name = "Peak Reverse Voltage"; Value = "100V"; VariantName = "[No Variations]"
Add component (AddParameter): Name = "Product"; Value = "SwitchingDiodes"; VariantName = "[No Variations]"
Add component (AddParameter): Name = "Product Category"; Value = "Diodes-GeneralPurpose,Power,Switching"; VariantName = "[No Variations]"
Add component (AddParameter): Name = "Recovery Time"; Value = "4ns"; VariantName = "[No Variations]"
Add component (AddParameter): Name = "RoHS"; Value = "True"; VariantName = "[No Variations]"
Add component (AddParameter): Name = "Series"; Value = "1N4148"; VariantName = "[No Variations]"
Add component (AddParameter): Name = "Type"; Value = "SwitchingDiode"; VariantName = "[No Variations]"
Add component (AddParameter): Name = "Unit Weight"; Value = "0.000353oz"; VariantName = "[No Variations]"
Add component (AddParameter): Name = "Vf - Forward Voltage"; Value = "1.25V"; VariantName = "[No Variations]"
Add component (AddParameter): Name = "Width"; Value = "1.7mm"; VariantName = "[No Variations]"
Added Component: Designator=D9(DIOD-SOD123-2_V)
Add component (AddParameter): Name = "Brand"; Value = "DiodesIncorporated"; VariantName = "[No Variations]"
Add component (AddParameter): Name = "Configuration"; Value = "Single"; VariantName = "[No Variations]"
Add component (AddParameter): Name = "Datasheet URL"; Value = "http://www.farnell.com/datasheets/1915529.pdf"; VariantName = "[No Variations]"
Add component (AddParameter): Name = "Datasheet Version"; Value = "Rev. 24-2, 10/2013"; VariantName = "[No Variations]"
Add component (AddParameter): Name = "Factory Pack Quantity"; Value = "3000"; VariantName = "[No Variations]"
Add component (AddParameter): Name = "Height"; Value = "1.25mm"; VariantName = "[No Variations]"
Add component (AddParameter): Name = "If - Forward Current"; Value = "0.15A"; VariantName = "[No Variations]"
Add component (AddParameter): Name = "Ir - Reverse Current"; Value = "1uA"; VariantName = "[No Variations]"
Add component (AddParameter): Name = "Length"; Value = "2.85mm"; VariantName = "[No Variations]"
Add component (AddParameter): Name = "Manufacturer"; Value = "DiodesIncorporated"; VariantName = "[No Variations]"
Add component (AddParameter): Name = "Manufacturer URL"; Value = "http://www.diodes.com/"; VariantName = "[No Variations]"
Add component (AddParameter): Name = "Max Surge Current"; Value = "2A"; VariantName = "[No Variations]"
Add component (AddParameter): Name = "Maximum Operating Temperature"; Value = "+150C"; VariantName = "[No Variations]"
Add component (AddParameter): Name = "Minimum Operating Temperature"; Value = "-65C"; VariantName = "[No Variations]"
Add component (AddParameter): Name = "Mounting Style"; Value = "SMD/SMT"; VariantName = "[No Variations]"
Add component (AddParameter): Name = "Operating Temperature Range"; Value = "-65Cto+150C"; VariantName = "[No Variations]"
Add component (AddParameter): Name = "Package / Case"; Value = "SOD-123"; VariantName = "[No Variations]"
Add component (AddParameter): Name = "Package Reference"; Value = "SOD123-2"; VariantName = "[No Variations]"
Add component (AddParameter): Name = "Package URL"; Value = "http://www.diodes.com/datasheets/ds18004.pdf"; VariantName = "[No Variations]"
Add component (AddParameter): Name = "Packaging"; Value = "Reel"; VariantName = "[No Variations]"
Add component (AddParameter): Name = "Peak Reverse Voltage"; Value = "100V"; VariantName = "[No Variations]"
Add component (AddParameter): Name = "Product"; Value = "SwitchingDiodes"; VariantName = "[No Variations]"
Add component (AddParameter): Name = "Product Category"; Value = "Diodes-GeneralPurpose,Power,Switching"; VariantName = "[No Variations]"
Add component (AddParameter): Name = "Recovery Time"; Value = "4ns"; VariantName = "[No Variations]"
Add component (AddParameter): Name = "RoHS"; Value = "True"; VariantName = "[No Variations]"
Add component (AddParameter): Name = "Series"; Value = "1N4148"; VariantName = "[No Variations]"
Add component (AddParameter): Name = "Type"; Value = "SwitchingDiode"; VariantName = "[No Variations]"
Add component (AddParameter): Name = "Unit Weight"; Value = "0.000353oz"; VariantName = "[No Variations]"
Add component (AddParameter): Name = "Vf - Forward Voltage"; Value = "1.25V"; VariantName = "[No Variations]"
Add component (AddParameter): Name = "Width"; Value = "1.7mm"; VariantName = "[No Variations]"
Added Component: Designator=D10(LED_1655)
Add component (AddParameter): Name = "Availability"; Value = "Unavailable"; VariantName = "[No Variations]"
Add component (AddParameter): Name = "Case/Package"; Value = "None"; VariantName = "[No Variations]"
Add component (AddParameter): Name = "Component Type"; Value = "Standard"; VariantName = "[No Variations]"
Add component (AddParameter): Name = "Design Item ID"; Value = "1655"; VariantName = "[No Variations]"
Add component (AddParameter): Name = "MP"; Value = "1655"; VariantName = "[No Variations]"
Add component (AddParameter): Name = "Pins"; Value = "4"; VariantName = "[No Variations]"
Add component (AddParameter): Name = "Price"; Value = "None"; VariantName = "[No Variations]"
Add component (AddParameter): Name = "Source"; Value = "1655.SchLib"; VariantName = "[No Variations]"
Add component (AddParameter): Name = "Value"; Value = ""; VariantName = "[No Variations]"
Added Component: Designator=D11(LED_1655)
Add component (AddParameter): Name = "Availability"; Value = "Unavailable"; VariantName = "[No Variations]"
Add component (AddParameter): Name = "Case/Package"; Value = "None"; VariantName = "[No Variations]"
Add component (AddParameter): Name = "Component Type"; Value = "Standard"; VariantName = "[No Variations]"
Add component (AddParameter): Name = "Design Item ID"; Value = "1655"; VariantName = "[No Variations]"
Add component (AddParameter): Name = "MP"; Value = "1655"; VariantName = "[No Variations]"
Add component (AddParameter): Name = "Pins"; Value = "4"; VariantName = "[No Variations]"
Add component (AddParameter): Name = "Price"; Value = "None"; VariantName = "[No Variations]"
Add component (AddParameter): Name = "Source"; Value = "1655.SchLib"; VariantName = "[No Variations]"
Add component (AddParameter): Name = "Value"; Value = ""; VariantName = "[No Variations]"
Added Component: Designator=D12(LED_1655)
Add component (AddParameter): Name = "Availability"; Value = "Unavailable"; VariantName = "[No Variations]"
Add component (AddParameter): Name = "Case/Package"; Value = "None"; VariantName = "[No Variations]"
Add component (AddParameter): Name = "Component Type"; Value = "Standard"; VariantName = "[No Variations]"
Add component (AddParameter): Name = "Design Item ID"; Value = "1655"; VariantName = "[No Variations]"
Add component (AddParameter): Name = "MP"; Value = "1655"; VariantName = "[No Variations]"
Add component (AddParameter): Name = "Pins"; Value = "4"; VariantName = "[No Variations]"
Add component (AddParameter): Name = "Price"; Value = "None"; VariantName = "[No Variations]"
Add component (AddParameter): Name = "Source"; Value = "1655.SchLib"; VariantName = "[No Variations]"
Add component (AddParameter): Name = "Value"; Value = ""; VariantName = "[No Variations]"
Added Component: Designator=D13(LED_1655)
Add component (AddParameter): Name = "Availability"; Value = "Unavailable"; VariantName = "[No Variations]"
Add component (AddParameter): Name = "Case/Package"; Value = "None"; VariantName = "[No Variations]"
Add component (AddParameter): Name = "Component Type"; Value = "Standard"; VariantName = "[No Variations]"
Add component (AddParameter): Name = "Design Item ID"; Value = "1655"; VariantName = "[No Variations]"
Add component (AddParameter): Name = "MP"; Value = "1655"; VariantName = "[No Variations]"
Add component (AddParameter): Name = "Pins"; Value = "4"; VariantName = "[No Variations]"
Add component (AddParameter): Name = "Price"; Value = "None"; VariantName = "[No Variations]"
Add component (AddParameter): Name = "Source"; Value = "1655.SchLib"; VariantName = "[No Variations]"
Add component (AddParameter): Name = "Value"; Value = ""; VariantName = "[No Variations]"
Added Component: Designator=D14(LED_1655)
Add component (AddParameter): Name = "Availability"; Value = "Unavailable"; VariantName = "[No Variations]"
Add component (AddParameter): Name = "Case/Package"; Value = "None"; VariantName = "[No Variations]"
Add component (AddParameter): Name = "Component Type"; Value = "Standard"; VariantName = "[No Variations]"
Add component (AddParameter): Name = "Design Item ID"; Value = "1655"; VariantName = "[No Variations]"
Add component (AddParameter): Name = "MP"; Value = "1655"; VariantName = "[No Variations]"
Add component (AddParameter): Name = "Pins"; Value = "4"; VariantName = "[No Variations]"
Add component (AddParameter): Name = "Price"; Value = "None"; VariantName = "[No Variations]"
Add component (AddParameter): Name = "Source"; Value = "1655.SchLib"; VariantName = "[No Variations]"
Add component (AddParameter): Name = "Value"; Value = ""; VariantName = "[No Variations]"
Added Component: Designator=D15(LED_1655)
Add component (AddParameter): Name = "Availability"; Value = "Unavailable"; VariantName = "[No Variations]"
Add component (AddParameter): Name = "Case/Package"; Value = "None"; VariantName = "[No Variations]"
Add component (AddParameter): Name = "Component Type"; Value = "Standard"; VariantName = "[No Variations]"
Add component (AddParameter): Name = "Design Item ID"; Value = "1655"; VariantName = "[No Variations]"
Add component (AddParameter): Name = "MP"; Value = "1655"; VariantName = "[No Variations]"
Add component (AddParameter): Name = "Pins"; Value = "4"; VariantName = "[No Variations]"
Add component (AddParameter): Name = "Price"; Value = "None"; VariantName = "[No Variations]"
Add component (AddParameter): Name = "Source"; Value = "1655.SchLib"; VariantName = "[No Variations]"
Add component (AddParameter): Name = "Value"; Value = ""; VariantName = "[No Variations]"
Added Component: Designator=D16(LED_1655)
Add component (AddParameter): Name = "Availability"; Value = "Unavailable"; VariantName = "[No Variations]"
Add component (AddParameter): Name = "Case/Package"; Value = "None"; VariantName = "[No Variations]"
Add component (AddParameter): Name = "Component Type"; Value = "Standard"; VariantName = "[No Variations]"
Add component (AddParameter): Name = "Design Item ID"; Value = "1655"; VariantName = "[No Variations]"
Add component (AddParameter): Name = "MP"; Value = "1655"; VariantName = "[No Variations]"
Add component (AddParameter): Name = "Pins"; Value = "4"; VariantName = "[No Variations]"
Add component (AddParameter): Name = "Price"; Value = "None"; VariantName = "[No Variations]"
Add component (AddParameter): Name = "Source"; Value = "1655.SchLib"; VariantName = "[No Variations]"
Add component (AddParameter): Name = "Value"; Value = ""; VariantName = "[No Variations]"
Added Component: Designator=D17(LED_1655)
Add component (AddParameter): Name = "Availability"; Value = "Unavailable"; VariantName = "[No Variations]"
Add component (AddParameter): Name = "Case/Package"; Value = "None"; VariantName = "[No Variations]"
Add component (AddParameter): Name = "Component Type"; Value = "Standard"; VariantName = "[No Variations]"
Add component (AddParameter): Name = "Design Item ID"; Value = "1655"; VariantName = "[No Variations]"
Add component (AddParameter): Name = "MP"; Value = "1655"; VariantName = "[No Variations]"
Add component (AddParameter): Name = "Pins"; Value = "4"; VariantName = "[No Variations]"
Add component (AddParameter): Name = "Price"; Value = "None"; VariantName = "[No Variations]"
Add component (AddParameter): Name = "Source"; Value = "1655.SchLib"; VariantName = "[No Variations]"
Add component (AddParameter): Name = "Value"; Value = ""; VariantName = "[No Variations]"
Added Component: Designator=D18(LED_1655)
Add component (AddParameter): Name = "Availability"; Value = "Unavailable"; VariantName = "[No Variations]"
Add component (AddParameter): Name = "Case/Package"; Value = "None"; VariantName = "[No Variations]"
Add component (AddParameter): Name = "Component Type"; Value = "Standard"; VariantName = "[No Variations]"
Add component (AddParameter): Name = "Design Item ID"; Value = "1655"; VariantName = "[No Variations]"
Add component (AddParameter): Name = "MP"; Value = "1655"; VariantName = "[No Variations]"
Add component (AddParameter): Name = "Pins"; Value = "4"; VariantName = "[No Variations]"
Add component (AddParameter): Name = "Price"; Value = "None"; VariantName = "[No Variations]"
Add component (AddParameter): Name = "Source"; Value = "1655.SchLib"; VariantName = "[No Variations]"
Add component (AddParameter): Name = "Value"; Value = ""; VariantName = "[No Variations]"
Added Component: Designator=D19(LED_1655)
Add component (AddParameter): Name = "Availability"; Value = "Unavailable"; VariantName = "[No Variations]"
Add component (AddParameter): Name = "Case/Package"; Value = "None"; VariantName = "[No Variations]"
Add component (AddParameter): Name = "Component Type"; Value = "Standard"; VariantName = "[No Variations]"
Add component (AddParameter): Name = "Design Item ID"; Value = "1655"; VariantName = "[No Variations]"
Add component (AddParameter): Name = "MP"; Value = "1655"; VariantName = "[No Variations]"
Add component (AddParameter): Name = "Pins"; Value = "4"; VariantName = "[No Variations]"
Add component (AddParameter): Name = "Price"; Value = "None"; VariantName = "[No Variations]"
Add component (AddParameter): Name = "Source"; Value = "1655.SchLib"; VariantName = "[No Variations]"
Add component (AddParameter): Name = "Value"; Value = ""; VariantName = "[No Variations]"
Added Component: Designator=R1(POT_PTA6043)
Add component (AddParameter): Name = "Mfr_Name"; Value = "Bourns Electronics"; VariantName = "[No Variations]"
Add component (AddParameter): Name = "RefDes"; Value = ""; VariantName = "[No Variations]"
Add component (AddParameter): Name = "Type"; Value = ""; VariantName = "[No Variations]"
Added Component: Designator=R2(RESC2013X50X35ML15T15)
Add component (AddParameter): Name = "Case/Package"; Value = "0805"; VariantName = "[No Variations]"
Add component (AddParameter): Name = "Max Operating Temperature"; Value = "155°C"; VariantName = "[No Variations]"
Add component (AddParameter): Name = "Min Operating Temperature"; Value = "-55°C"; VariantName = "[No Variations]"
Add component (AddParameter): Name = "Mounting Technology"; Value = "SM"; VariantName = "[No Variations]"
Add component (AddParameter): Name = "Pins"; Value = "2"; VariantName = "[No Variations]"
Add component (AddParameter): Name = "Power"; Value = "125mW"; VariantName = "[No Variations]"
Add component (AddParameter): Name = "RoHS Compliant"; Value = "True"; VariantName = "[No Variations]"
Add component (AddParameter): Name = "Tolerance"; Value = "1%"; VariantName = "[No Variations]"
Add component (AddParameter): Name = "Value"; Value = "10k"; VariantName = "[No Variations]"
Add component (AddParameter): Name = "Voltage Rating"; Value = "150V"; VariantName = "[No Variations]"
Added Component: Designator=R3(RESC2013X50X35ML15T15)
Add component (AddParameter): Name = "Case/Package"; Value = "0805"; VariantName = "[No Variations]"
Add component (AddParameter): Name = "Max Operating Temperature"; Value = "155°C"; VariantName = "[No Variations]"
Add component (AddParameter): Name = "Min Operating Temperature"; Value = "-55°C"; VariantName = "[No Variations]"
Add component (AddParameter): Name = "Mounting Technology"; Value = "SM"; VariantName = "[No Variations]"
Add component (AddParameter): Name = "Pins"; Value = "2"; VariantName = "[No Variations]"
Add component (AddParameter): Name = "Power"; Value = "125mW"; VariantName = "[No Variations]"
Add component (AddParameter): Name = "RoHS Compliant"; Value = "True"; VariantName = "[No Variations]"
Add component (AddParameter): Name = "Tolerance"; Value = "1%"; VariantName = "[No Variations]"
Add component (AddParameter): Name = "Value"; Value = "10k"; VariantName = "[No Variations]"
Add component (AddParameter): Name = "Voltage Rating"; Value = "150V"; VariantName = "[No Variations]"
Added Component: Designator=R4(RESC2013X50X35ML15T15)
Add component (AddParameter): Name = "Case/Package"; Value = "0805"; VariantName = "[No Variations]"
Add component (AddParameter): Name = "Max Operating Temperature"; Value = "155°C"; VariantName = "[No Variations]"
Add component (AddParameter): Name = "Min Operating Temperature"; Value = "-55°C"; VariantName = "[No Variations]"
Add component (AddParameter): Name = "Mounting Technology"; Value = "SM"; VariantName = "[No Variations]"
Add component (AddParameter): Name = "Pins"; Value = "2"; VariantName = "[No Variations]"
Add component (AddParameter): Name = "Power"; Value = "125mW"; VariantName = "[No Variations]"
Add component (AddParameter): Name = "RoHS Compliant"; Value = "True"; VariantName = "[No Variations]"
Add component (AddParameter): Name = "Tolerance"; Value = "1%"; VariantName = "[No Variations]"
Add component (AddParameter): Name = "Value"; Value = "10k"; VariantName = "[No Variations]"
Add component (AddParameter): Name = "Voltage Rating"; Value = "150V"; VariantName = "[No Variations]"
Added Component: Designator=R5(RESC0805(2012)_L)
Add component (AddParameter): Name = "Case/Package"; Value = "0805"; VariantName = "[No Variations]"
Add component (AddParameter): Name = "Max Operating Temperature"; Value = "155°C"; VariantName = "[No Variations]"
Add component (AddParameter): Name = "Min Operating Temperature"; Value = "-55°C"; VariantName = "[No Variations]"
Add component (AddParameter): Name = "Mounting Technology"; Value = ""; VariantName = "[No Variations]"
Add component (AddParameter): Name = "Pins"; Value = "2"; VariantName = "[No Variations]"
Add component (AddParameter): Name = "Power"; Value = "125mW"; VariantName = "[No Variations]"
Add component (AddParameter): Name = "RoHS Compliant"; Value = ""; VariantName = "[No Variations]"
Add component (AddParameter): Name = "Tolerance"; Value = "5%"; VariantName = "[No Variations]"
Add component (AddParameter): Name = "Value"; Value = "470"; VariantName = "[No Variations]"
Add component (AddParameter): Name = "Voltage Rating"; Value = ""; VariantName = "[No Variations]"
Added Component: Designator=SW1(CHRY-ML1A-11JW_V)
Add component (AddParameter): Name = "Actuator Color"; Value = "N/A"; VariantName = "[No Variations]"
Add component (AddParameter): Name = "Actuator Length"; Value = "3mm"; VariantName = "[No Variations]"
Add component (AddParameter): Name = "Actuator Material"; Value = "N/A"; VariantName = "[No Variations]"
Add component (AddParameter): Name = "Actuator Style"; Value = "Button"; VariantName = "[No Variations]"
Add component (AddParameter): Name = "Body Orientation"; Value = "Straight"; VariantName = "[No Variations]"
Add component (AddParameter): Name = "Bounce Time"; Value = ""; VariantName = "[No Variations]"
Add component (AddParameter): Name = "Contact Material"; Value = "Gold/Silver"; VariantName = "[No Variations]"
Add component (AddParameter): Name = "Contact Plating"; Value = "N/A"; VariantName = "[No Variations]"
Add component (AddParameter): Name = "COO"; Value = "UK"; VariantName = "[No Variations]"
Add component (AddParameter): Name = "Datasheet URL"; Value = "http://www.cherry.de/PDF/EN_CHERRY_ML1A-xxxx.pdf"; VariantName = "[No Variations]"
Add component (AddParameter): Name = "Datasheet Version"; Value = "12/2015"; VariantName = "[No Variations]"
Add component (AddParameter): Name = "Dielectric Strength"; Value = "500VAC"; VariantName = "[No Variations]"
Add component (AddParameter): Name = "Dimension"; Value = "12x11.4x6.9mm"; VariantName = "[No Variations]"
Add component (AddParameter): Name = "ECCN"; Value = "EAR99"; VariantName = "[No Variations]"
Add component (AddParameter): Name = "Electrical Life"; Value = "N/A"; VariantName = "[No Variations]"
Add component (AddParameter): Name = "Family"; Value = "ML"; VariantName = "[No Variations]"
Add component (AddParameter): Name = "Housing Material"; Value = "N/A"; VariantName = "[No Variations]"
Add component (AddParameter): Name = "HTS"; Value = "8536509065"; VariantName = "[No Variations]"
Add component (AddParameter): Name = "Illumination Color"; Value = "N/R"; VariantName = "[No Variations]"
Add component (AddParameter): Name = "Illumination Type"; Value = "N/R"; VariantName = "[No Variations]"
Add component (AddParameter): Name = "IP Rating"; Value = "IP40"; VariantName = "[No Variations]"
Add component (AddParameter): Name = "Manufacturer"; Value = "Cherry"; VariantName = "[No Variations]"
Add component (AddParameter): Name = "Manufacturer URL"; Value = "http://cherryswitches.com/cn/"; VariantName = "[No Variations]"
Add component (AddParameter): Name = "Maximum AC Voltage Rating"; Value = "12V"; VariantName = "[No Variations]"
Add component (AddParameter): Name = "Maximum Contact Resistance"; Value = ""; VariantName = "[No Variations]"
Add component (AddParameter): Name = "Maximum Current Rating"; Value = "0.01A"; VariantName = "[No Variations]"
Add component (AddParameter): Name = "Maximum DC Voltage Rating"; Value = "12V"; VariantName = "[No Variations]"
Add component (AddParameter): Name = "Maximum Power Rating"; Value = "N/A"; VariantName = "[No Variations]"
Add component (AddParameter): Name = "Mechanical Life"; Value = "N/A"; VariantName = "[No Variations]"
Add component (AddParameter): Name = "Minimum Insulation Resistance"; Value = "100MOhm"; VariantName = "[No Variations]"
Add component (AddParameter): Name = "Mounting"; Value = "ThroughHole"; VariantName = "[No Variations]"
Add component (AddParameter): Name = "Mounting Technology"; Value = "ThroughHole"; VariantName = "[No Variations]"
Add component (AddParameter): Name = "Number of Terminals"; Value = "2"; VariantName = "[No Variations]"
Add component (AddParameter): Name = "Operating Force"; Value = "0.45N"; VariantName = "[No Variations]"
Add component (AddParameter): Name = "Operating Speed"; Value = "400mm/s"; VariantName = "[No Variations]"
Add component (AddParameter): Name = "Operating Temperature"; Value = "-10to70C"; VariantName = "[No Variations]"
Add component (AddParameter): Name = "Package Description"; Value = "4-Pin Through Hole Switch, Body 12 x 11.4 mm"; VariantName = "[No Variations]"
Add component (AddParameter): Name = "Package Reference"; Value = "ML1A-11JW"; VariantName = "[No Variations]"
Add component (AddParameter): Name = "Package URL"; Value = "http://cherryamericas.com/wp-content/uploads/2014/12/ml_cat.pdf"; VariantName = "[No Variations]"
Add component (AddParameter): Name = "Packaging"; Value = "N/A"; VariantName = "[No Variations]"
Add component (AddParameter): Name = "Part No"; Value = "ML1A11JW"; VariantName = "[No Variations]"
Add component (AddParameter): Name = "Pole Throw Configuration"; Value = "SPST"; VariantName = "[No Variations]"
Add component (AddParameter): Name = "RoHS"; Value = "Unknown"; VariantName = "[No Variations]"
Add component (AddParameter): Name = "Row Spacing"; Value = "10.16mm"; VariantName = "[No Variations]"
Add component (AddParameter): Name = "Supplier"; Value = "CherryElectrical"; VariantName = "[No Variations]"
Add component (AddParameter): Name = "Switch Configuration"; Value = "N/A"; VariantName = "[No Variations]"
Add component (AddParameter): Name = "Terminal Pitch"; Value = "N/R"; VariantName = "[No Variations]"
Add component (AddParameter): Name = "Terminal Type"; Value = "PCPins"; VariantName = "[No Variations]"
Add component (AddParameter): Name = "Total Travel"; Value = "3mm"; VariantName = "[No Variations]"
Add component (AddParameter): Name = "Type"; Value = "N/A"; VariantName = "[No Variations]"
Added Component: Designator=SW2(CHRY-ML1A-11JW_V)
Add component (AddParameter): Name = "Actuator Color"; Value = "N/A"; VariantName = "[No Variations]"
Add component (AddParameter): Name = "Actuator Length"; Value = "3mm"; VariantName = "[No Variations]"
Add component (AddParameter): Name = "Actuator Material"; Value = "N/A"; VariantName = "[No Variations]"
Add component (AddParameter): Name = "Actuator Style"; Value = "Button"; VariantName = "[No Variations]"
Add component (AddParameter): Name = "Body Orientation"; Value = "Straight"; VariantName = "[No Variations]"
Add component (AddParameter): Name = "Bounce Time"; Value = ""; VariantName = "[No Variations]"
Add component (AddParameter): Name = "Contact Material"; Value = "Gold/Silver"; VariantName = "[No Variations]"
Add component (AddParameter): Name = "Contact Plating"; Value = "N/A"; VariantName = "[No Variations]"
Add component (AddParameter): Name = "COO"; Value = "UK"; VariantName = "[No Variations]"
Add component (AddParameter): Name = "Datasheet URL"; Value = "http://www.cherry.de/PDF/EN_CHERRY_ML1A-xxxx.pdf"; VariantName = "[No Variations]"
Add component (AddParameter): Name = "Datasheet Version"; Value = "12/2015"; VariantName = "[No Variations]"
Add component (AddParameter): Name = "Dielectric Strength"; Value = "500VAC"; VariantName = "[No Variations]"
Add component (AddParameter): Name = "Dimension"; Value = "12x11.4x6.9mm"; VariantName = "[No Variations]"
Add component (AddParameter): Name = "ECCN"; Value = "EAR99"; VariantName = "[No Variations]"
Add component (AddParameter): Name = "Electrical Life"; Value = "N/A"; VariantName = "[No Variations]"
Add component (AddParameter): Name = "Family"; Value = "ML"; VariantName = "[No Variations]"
Add component (AddParameter): Name = "Housing Material"; Value = "N/A"; VariantName = "[No Variations]"
Add component (AddParameter): Name = "HTS"; Value = "8536509065"; VariantName = "[No Variations]"
Add component (AddParameter): Name = "Illumination Color"; Value = "N/R"; VariantName = "[No Variations]"
Add component (AddParameter): Name = "Illumination Type"; Value = "N/R"; VariantName = "[No Variations]"
Add component (AddParameter): Name = "IP Rating"; Value = "IP40"; VariantName = "[No Variations]"
Add component (AddParameter): Name = "Manufacturer"; Value = "Cherry"; VariantName = "[No Variations]"
Add component (AddParameter): Name = "Manufacturer URL"; Value = "http://cherryswitches.com/cn/"; VariantName = "[No Variations]"
Add component (AddParameter): Name = "Maximum AC Voltage Rating"; Value = "12V"; VariantName = "[No Variations]"
Add component (AddParameter): Name = "Maximum Contact Resistance"; Value = ""; VariantName = "[No Variations]"
Add component (AddParameter): Name = "Maximum Current Rating"; Value = "0.01A"; VariantName = "[No Variations]"
Add component (AddParameter): Name = "Maximum DC Voltage Rating"; Value = "12V"; VariantName = "[No Variations]"
Add component (AddParameter): Name = "Maximum Power Rating"; Value = "N/A"; VariantName = "[No Variations]"
Add component (AddParameter): Name = "Mechanical Life"; Value = "N/A"; VariantName = "[No Variations]"
Add component (AddParameter): Name = "Minimum Insulation Resistance"; Value = "100MOhm"; VariantName = "[No Variations]"
Add component (AddParameter): Name = "Mounting"; Value = "ThroughHole"; VariantName = "[No Variations]"
Add component (AddParameter): Name = "Mounting Technology"; Value = "ThroughHole"; VariantName = "[No Variations]"
Add component (AddParameter): Name = "Number of Terminals"; Value = "2"; VariantName = "[No Variations]"
Add component (AddParameter): Name = "Operating Force"; Value = "0.45N"; VariantName = "[No Variations]"
Add component (AddParameter): Name = "Operating Speed"; Value = "400mm/s"; VariantName = "[No Variations]"
Add component (AddParameter): Name = "Operating Temperature"; Value = "-10to70C"; VariantName = "[No Variations]"
Add component (AddParameter): Name = "Package Description"; Value = "4-Pin Through Hole Switch, Body 12 x 11.4 mm"; VariantName = "[No Variations]"
Add component (AddParameter): Name = "Package Reference"; Value = "ML1A-11JW"; VariantName = "[No Variations]"
Add component (AddParameter): Name = "Package URL"; Value = "http://cherryamericas.com/wp-content/uploads/2014/12/ml_cat.pdf"; VariantName = "[No Variations]"
Add component (AddParameter): Name = "Packaging"; Value = "N/A"; VariantName = "[No Variations]"
Add component (AddParameter): Name = "Part No"; Value = "ML1A11JW"; VariantName = "[No Variations]"
Add component (AddParameter): Name = "Pole Throw Configuration"; Value = "SPST"; VariantName = "[No Variations]"
Add component (AddParameter): Name = "RoHS"; Value = "Unknown"; VariantName = "[No Variations]"
Add component (AddParameter): Name = "Row Spacing"; Value = "10.16mm"; VariantName = "[No Variations]"
Add component (AddParameter): Name = "Supplier"; Value = "CherryElectrical"; VariantName = "[No Variations]"
Add component (AddParameter): Name = "Switch Configuration"; Value = "N/A"; VariantName = "[No Variations]"
Add component (AddParameter): Name = "Terminal Pitch"; Value = "N/R"; VariantName = "[No Variations]"
Add component (AddParameter): Name = "Terminal Type"; Value = "PCPins"; VariantName = "[No Variations]"
Add component (AddParameter): Name = "Total Travel"; Value = "3mm"; VariantName = "[No Variations]"
Add component (AddParameter): Name = "Type"; Value = "N/A"; VariantName = "[No Variations]"
Added Component: Designator=SW3(CHRY-ML1A-11JW_V)
Add component (AddParameter): Name = "Actuator Color"; Value = "N/A"; VariantName = "[No Variations]"
Add component (AddParameter): Name = "Actuator Length"; Value = "3mm"; VariantName = "[No Variations]"
Add component (AddParameter): Name = "Actuator Material"; Value = "N/A"; VariantName = "[No Variations]"
Add component (AddParameter): Name = "Actuator Style"; Value = "Button"; VariantName = "[No Variations]"
Add component (AddParameter): Name = "Body Orientation"; Value = "Straight"; VariantName = "[No Variations]"
Add component (AddParameter): Name = "Bounce Time"; Value = ""; VariantName = "[No Variations]"
Add component (AddParameter): Name = "Contact Material"; Value = "Gold/Silver"; VariantName = "[No Variations]"
Add component (AddParameter): Name = "Contact Plating"; Value = "N/A"; VariantName = "[No Variations]"
Add component (AddParameter): Name = "COO"; Value = "UK"; VariantName = "[No Variations]"
Add component (AddParameter): Name = "Datasheet URL"; Value = "http://www.cherry.de/PDF/EN_CHERRY_ML1A-xxxx.pdf"; VariantName = "[No Variations]"
Add component (AddParameter): Name = "Datasheet Version"; Value = "12/2015"; VariantName = "[No Variations]"
Add component (AddParameter): Name = "Dielectric Strength"; Value = "500VAC"; VariantName = "[No Variations]"
Add component (AddParameter): Name = "Dimension"; Value = "12x11.4x6.9mm"; VariantName = "[No Variations]"
Add component (AddParameter): Name = "ECCN"; Value = "EAR99"; VariantName = "[No Variations]"
Add component (AddParameter): Name = "Electrical Life"; Value = "N/A"; VariantName = "[No Variations]"
Add component (AddParameter): Name = "Family"; Value = "ML"; VariantName = "[No Variations]"
Add component (AddParameter): Name = "Housing Material"; Value = "N/A"; VariantName = "[No Variations]"
Add component (AddParameter): Name = "HTS"; Value = "8536509065"; VariantName = "[No Variations]"
Add component (AddParameter): Name = "Illumination Color"; Value = "N/R"; VariantName = "[No Variations]"
Add component (AddParameter): Name = "Illumination Type"; Value = "N/R"; VariantName = "[No Variations]"
Add component (AddParameter): Name = "IP Rating"; Value = "IP40"; VariantName = "[No Variations]"
Add component (AddParameter): Name = "Manufacturer"; Value = "Cherry"; VariantName = "[No Variations]"
Add component (AddParameter): Name = "Manufacturer URL"; Value = "http://cherryswitches.com/cn/"; VariantName = "[No Variations]"
Add component (AddParameter): Name = "Maximum AC Voltage Rating"; Value = "12V"; VariantName = "[No Variations]"
Add component (AddParameter): Name = "Maximum Contact Resistance"; Value = ""; VariantName = "[No Variations]"
Add component (AddParameter): Name = "Maximum Current Rating"; Value = "0.01A"; VariantName = "[No Variations]"
Add component (AddParameter): Name = "Maximum DC Voltage Rating"; Value = "12V"; VariantName = "[No Variations]"
Add component (AddParameter): Name = "Maximum Power Rating"; Value = "N/A"; VariantName = "[No Variations]"
Add component (AddParameter): Name = "Mechanical Life"; Value = "N/A"; VariantName = "[No Variations]"
Add component (AddParameter): Name = "Minimum Insulation Resistance"; Value = "100MOhm"; VariantName = "[No Variations]"
Add component (AddParameter): Name = "Mounting"; Value = "ThroughHole"; VariantName = "[No Variations]"
Add component (AddParameter): Name = "Mounting Technology"; Value = "ThroughHole"; VariantName = "[No Variations]"
Add component (AddParameter): Name = "Number of Terminals"; Value = "2"; VariantName = "[No Variations]"
Add component (AddParameter): Name = "Operating Force"; Value = "0.45N"; VariantName = "[No Variations]"
Add component (AddParameter): Name = "Operating Speed"; Value = "400mm/s"; VariantName = "[No Variations]"
Add component (AddParameter): Name = "Operating Temperature"; Value = "-10to70C"; VariantName = "[No Variations]"
Add component (AddParameter): Name = "Package Description"; Value = "4-Pin Through Hole Switch, Body 12 x 11.4 mm"; VariantName = "[No Variations]"
Add component (AddParameter): Name = "Package Reference"; Value = "ML1A-11JW"; VariantName = "[No Variations]"
Add component (AddParameter): Name = "Package URL"; Value = "http://cherryamericas.com/wp-content/uploads/2014/12/ml_cat.pdf"; VariantName = "[No Variations]"
Add component (AddParameter): Name = "Packaging"; Value = "N/A"; VariantName = "[No Variations]"
Add component (AddParameter): Name = "Part No"; Value = "ML1A11JW"; VariantName = "[No Variations]"
Add component (AddParameter): Name = "Pole Throw Configuration"; Value = "SPST"; VariantName = "[No Variations]"
Add component (AddParameter): Name = "RoHS"; Value = "Unknown"; VariantName = "[No Variations]"
Add component (AddParameter): Name = "Row Spacing"; Value = "10.16mm"; VariantName = "[No Variations]"
Add component (AddParameter): Name = "Supplier"; Value = "CherryElectrical"; VariantName = "[No Variations]"
Add component (AddParameter): Name = "Switch Configuration"; Value = "N/A"; VariantName = "[No Variations]"
Add component (AddParameter): Name = "Terminal Pitch"; Value = "N/R"; VariantName = "[No Variations]"
Add component (AddParameter): Name = "Terminal Type"; Value = "PCPins"; VariantName = "[No Variations]"
Add component (AddParameter): Name = "Total Travel"; Value = "3mm"; VariantName = "[No Variations]"
Add component (AddParameter): Name = "Type"; Value = "N/A"; VariantName = "[No Variations]"
Added Component: Designator=SW4(CHRY-ML1A-11JW_V)
Add component (AddParameter): Name = "Actuator Color"; Value = "N/A"; VariantName = "[No Variations]"
Add component (AddParameter): Name = "Actuator Length"; Value = "3mm"; VariantName = "[No Variations]"
Add component (AddParameter): Name = "Actuator Material"; Value = "N/A"; VariantName = "[No Variations]"
Add component (AddParameter): Name = "Actuator Style"; Value = "Button"; VariantName = "[No Variations]"
Add component (AddParameter): Name = "Body Orientation"; Value = "Straight"; VariantName = "[No Variations]"
Add component (AddParameter): Name = "Bounce Time"; Value = ""; VariantName = "[No Variations]"
Add component (AddParameter): Name = "Contact Material"; Value = "Gold/Silver"; VariantName = "[No Variations]"
Add component (AddParameter): Name = "Contact Plating"; Value = "N/A"; VariantName = "[No Variations]"
Add component (AddParameter): Name = "COO"; Value = "UK"; VariantName = "[No Variations]"
Add component (AddParameter): Name = "Datasheet URL"; Value = "http://www.cherry.de/PDF/EN_CHERRY_ML1A-xxxx.pdf"; VariantName = "[No Variations]"
Add component (AddParameter): Name = "Datasheet Version"; Value = "12/2015"; VariantName = "[No Variations]"
Add component (AddParameter): Name = "Dielectric Strength"; Value = "500VAC"; VariantName = "[No Variations]"
Add component (AddParameter): Name = "Dimension"; Value = "12x11.4x6.9mm"; VariantName = "[No Variations]"
Add component (AddParameter): Name = "ECCN"; Value = "EAR99"; VariantName = "[No Variations]"
Add component (AddParameter): Name = "Electrical Life"; Value = "N/A"; VariantName = "[No Variations]"
Add component (AddParameter): Name = "Family"; Value = "ML"; VariantName = "[No Variations]"
Add component (AddParameter): Name = "Housing Material"; Value = "N/A"; VariantName = "[No Variations]"
Add component (AddParameter): Name = "HTS"; Value = "8536509065"; VariantName = "[No Variations]"
Add component (AddParameter): Name = "Illumination Color"; Value = "N/R"; VariantName = "[No Variations]"
Add component (AddParameter): Name = "Illumination Type"; Value = "N/R"; VariantName = "[No Variations]"
Add component (AddParameter): Name = "IP Rating"; Value = "IP40"; VariantName = "[No Variations]"
Add component (AddParameter): Name = "Manufacturer"; Value = "Cherry"; VariantName = "[No Variations]"
Add component (AddParameter): Name = "Manufacturer URL"; Value = "http://cherryswitches.com/cn/"; VariantName = "[No Variations]"
Add component (AddParameter): Name = "Maximum AC Voltage Rating"; Value = "12V"; VariantName = "[No Variations]"
Add component (AddParameter): Name = "Maximum Contact Resistance"; Value = ""; VariantName = "[No Variations]"
Add component (AddParameter): Name = "Maximum Current Rating"; Value = "0.01A"; VariantName = "[No Variations]"
Add component (AddParameter): Name = "Maximum DC Voltage Rating"; Value = "12V"; VariantName = "[No Variations]"
Add component (AddParameter): Name = "Maximum Power Rating"; Value = "N/A"; VariantName = "[No Variations]"
Add component (AddParameter): Name = "Mechanical Life"; Value = "N/A"; VariantName = "[No Variations]"
Add component (AddParameter): Name = "Minimum Insulation Resistance"; Value = "100MOhm"; VariantName = "[No Variations]"
Add component (AddParameter): Name = "Mounting"; Value = "ThroughHole"; VariantName = "[No Variations]"
Add component (AddParameter): Name = "Mounting Technology"; Value = "ThroughHole"; VariantName = "[No Variations]"
Add component (AddParameter): Name = "Number of Terminals"; Value = "2"; VariantName = "[No Variations]"
Add component (AddParameter): Name = "Operating Force"; Value = "0.45N"; VariantName = "[No Variations]"
Add component (AddParameter): Name = "Operating Speed"; Value = "400mm/s"; VariantName = "[No Variations]"
Add component (AddParameter): Name = "Operating Temperature"; Value = "-10to70C"; VariantName = "[No Variations]"
Add component (AddParameter): Name = "Package Description"; Value = "4-Pin Through Hole Switch, Body 12 x 11.4 mm"; VariantName = "[No Variations]"
Add component (AddParameter): Name = "Package Reference"; Value = "ML1A-11JW"; VariantName = "[No Variations]"
Add component (AddParameter): Name = "Package URL"; Value = "http://cherryamericas.com/wp-content/uploads/2014/12/ml_cat.pdf"; VariantName = "[No Variations]"
Add component (AddParameter): Name = "Packaging"; Value = "N/A"; VariantName = "[No Variations]"
Add component (AddParameter): Name = "Part No"; Value = "ML1A11JW"; VariantName = "[No Variations]"
Add component (AddParameter): Name = "Pole Throw Configuration"; Value = "SPST"; VariantName = "[No Variations]"
Add component (AddParameter): Name = "RoHS"; Value = "Unknown"; VariantName = "[No Variations]"
Add component (AddParameter): Name = "Row Spacing"; Value = "10.16mm"; VariantName = "[No Variations]"
Add component (AddParameter): Name = "Supplier"; Value = "CherryElectrical"; VariantName = "[No Variations]"
Add component (AddParameter): Name = "Switch Configuration"; Value = "N/A"; VariantName = "[No Variations]"
Add component (AddParameter): Name = "Terminal Pitch"; Value = "N/R"; VariantName = "[No Variations]"
Add component (AddParameter): Name = "Terminal Type"; Value = "PCPins"; VariantName = "[No Variations]"
Add component (AddParameter): Name = "Total Travel"; Value = "3mm"; VariantName = "[No Variations]"
Add component (AddParameter): Name = "Type"; Value = "N/A"; VariantName = "[No Variations]"
Added Component: Designator=SW5(CHRY-ML1A-11JW_V)
Add component (AddParameter): Name = "Actuator Color"; Value = "N/A"; VariantName = "[No Variations]"
Add component (AddParameter): Name = "Actuator Length"; Value = "3mm"; VariantName = "[No Variations]"
Add component (AddParameter): Name = "Actuator Material"; Value = "N/A"; VariantName = "[No Variations]"
Add component (AddParameter): Name = "Actuator Style"; Value = "Button"; VariantName = "[No Variations]"
Add component (AddParameter): Name = "Body Orientation"; Value = "Straight"; VariantName = "[No Variations]"
Add component (AddParameter): Name = "Bounce Time"; Value = ""; VariantName = "[No Variations]"
Add component (AddParameter): Name = "Contact Material"; Value = "Gold/Silver"; VariantName = "[No Variations]"
Add component (AddParameter): Name = "Contact Plating"; Value = "N/A"; VariantName = "[No Variations]"
Add component (AddParameter): Name = "COO"; Value = "UK"; VariantName = "[No Variations]"
Add component (AddParameter): Name = "Datasheet URL"; Value = "http://www.cherry.de/PDF/EN_CHERRY_ML1A-xxxx.pdf"; VariantName = "[No Variations]"
Add component (AddParameter): Name = "Datasheet Version"; Value = "12/2015"; VariantName = "[No Variations]"
Add component (AddParameter): Name = "Dielectric Strength"; Value = "500VAC"; VariantName = "[No Variations]"
Add component (AddParameter): Name = "Dimension"; Value = "12x11.4x6.9mm"; VariantName = "[No Variations]"
Add component (AddParameter): Name = "ECCN"; Value = "EAR99"; VariantName = "[No Variations]"
Add component (AddParameter): Name = "Electrical Life"; Value = "N/A"; VariantName = "[No Variations]"
Add component (AddParameter): Name = "Family"; Value = "ML"; VariantName = "[No Variations]"
Add component (AddParameter): Name = "Housing Material"; Value = "N/A"; VariantName = "[No Variations]"
Add component (AddParameter): Name = "HTS"; Value = "8536509065"; VariantName = "[No Variations]"
Add component (AddParameter): Name = "Illumination Color"; Value = "N/R"; VariantName = "[No Variations]"
Add component (AddParameter): Name = "Illumination Type"; Value = "N/R"; VariantName = "[No Variations]"
Add component (AddParameter): Name = "IP Rating"; Value = "IP40"; VariantName = "[No Variations]"
Add component (AddParameter): Name = "Manufacturer"; Value = "Cherry"; VariantName = "[No Variations]"
Add component (AddParameter): Name = "Manufacturer URL"; Value = "http://cherryswitches.com/cn/"; VariantName = "[No Variations]"
Add component (AddParameter): Name = "Maximum AC Voltage Rating"; Value = "12V"; VariantName = "[No Variations]"
Add component (AddParameter): Name = "Maximum Contact Resistance"; Value = ""; VariantName = "[No Variations]"
Add component (AddParameter): Name = "Maximum Current Rating"; Value = "0.01A"; VariantName = "[No Variations]"
Add component (AddParameter): Name = "Maximum DC Voltage Rating"; Value = "12V"; VariantName = "[No Variations]"
Add component (AddParameter): Name = "Maximum Power Rating"; Value = "N/A"; VariantName = "[No Variations]"
Add component (AddParameter): Name = "Mechanical Life"; Value = "N/A"; VariantName = "[No Variations]"
Add component (AddParameter): Name = "Minimum Insulation Resistance"; Value = "100MOhm"; VariantName = "[No Variations]"
Add component (AddParameter): Name = "Mounting"; Value = "ThroughHole"; VariantName = "[No Variations]"
Add component (AddParameter): Name = "Mounting Technology"; Value = "ThroughHole"; VariantName = "[No Variations]"
Add component (AddParameter): Name = "Number of Terminals"; Value = "2"; VariantName = "[No Variations]"
Add component (AddParameter): Name = "Operating Force"; Value = "0.45N"; VariantName = "[No Variations]"
Add component (AddParameter): Name = "Operating Speed"; Value = "400mm/s"; VariantName = "[No Variations]"
Add component (AddParameter): Name = "Operating Temperature"; Value = "-10to70C"; VariantName = "[No Variations]"
Add component (AddParameter): Name = "Package Description"; Value = "4-Pin Through Hole Switch, Body 12 x 11.4 mm"; VariantName = "[No Variations]"
Add component (AddParameter): Name = "Package Reference"; Value = "ML1A-11JW"; VariantName = "[No Variations]"
Add component (AddParameter): Name = "Package URL"; Value = "http://cherryamericas.com/wp-content/uploads/2014/12/ml_cat.pdf"; VariantName = "[No Variations]"
Add component (AddParameter): Name = "Packaging"; Value = "N/A"; VariantName = "[No Variations]"
Add component (AddParameter): Name = "Part No"; Value = "ML1A11JW"; VariantName = "[No Variations]"
Add component (AddParameter): Name = "Pole Throw Configuration"; Value = "SPST"; VariantName = "[No Variations]"
Add component (AddParameter): Name = "RoHS"; Value = "Unknown"; VariantName = "[No Variations]"
Add component (AddParameter): Name = "Row Spacing"; Value = "10.16mm"; VariantName = "[No Variations]"
Add component (AddParameter): Name = "Supplier"; Value = "CherryElectrical"; VariantName = "[No Variations]"
Add component (AddParameter): Name = "Switch Configuration"; Value = "N/A"; VariantName = "[No Variations]"
Add component (AddParameter): Name = "Terminal Pitch"; Value = "N/R"; VariantName = "[No Variations]"
Add component (AddParameter): Name = "Terminal Type"; Value = "PCPins"; VariantName = "[No Variations]"
Add component (AddParameter): Name = "Total Travel"; Value = "3mm"; VariantName = "[No Variations]"
Add component (AddParameter): Name = "Type"; Value = "N/A"; VariantName = "[No Variations]"
Added Component: Designator=SW6(CHRY-ML1A-11JW_V)
Add component (AddParameter): Name = "Actuator Color"; Value = "N/A"; VariantName = "[No Variations]"
Add component (AddParameter): Name = "Actuator Length"; Value = "3mm"; VariantName = "[No Variations]"
Add component (AddParameter): Name = "Actuator Material"; Value = "N/A"; VariantName = "[No Variations]"
Add component (AddParameter): Name = "Actuator Style"; Value = "Button"; VariantName = "[No Variations]"
Add component (AddParameter): Name = "Body Orientation"; Value = "Straight"; VariantName = "[No Variations]"
Add component (AddParameter): Name = "Bounce Time"; Value = ""; VariantName = "[No Variations]"
Add component (AddParameter): Name = "Contact Material"; Value = "Gold/Silver"; VariantName = "[No Variations]"
Add component (AddParameter): Name = "Contact Plating"; Value = "N/A"; VariantName = "[No Variations]"
Add component (AddParameter): Name = "COO"; Value = "UK"; VariantName = "[No Variations]"
Add component (AddParameter): Name = "Datasheet URL"; Value = "http://www.cherry.de/PDF/EN_CHERRY_ML1A-xxxx.pdf"; VariantName = "[No Variations]"
Add component (AddParameter): Name = "Datasheet Version"; Value = "12/2015"; VariantName = "[No Variations]"
Add component (AddParameter): Name = "Dielectric Strength"; Value = "500VAC"; VariantName = "[No Variations]"
Add component (AddParameter): Name = "Dimension"; Value = "12x11.4x6.9mm"; VariantName = "[No Variations]"
Add component (AddParameter): Name = "ECCN"; Value = "EAR99"; VariantName = "[No Variations]"
Add component (AddParameter): Name = "Electrical Life"; Value = "N/A"; VariantName = "[No Variations]"
Add component (AddParameter): Name = "Family"; Value = "ML"; VariantName = "[No Variations]"
Add component (AddParameter): Name = "Housing Material"; Value = "N/A"; VariantName = "[No Variations]"
Add component (AddParameter): Name = "HTS"; Value = "8536509065"; VariantName = "[No Variations]"
Add component (AddParameter): Name = "Illumination Color"; Value = "N/R"; VariantName = "[No Variations]"
Add component (AddParameter): Name = "Illumination Type"; Value = "N/R"; VariantName = "[No Variations]"
Add component (AddParameter): Name = "IP Rating"; Value = "IP40"; VariantName = "[No Variations]"
Add component (AddParameter): Name = "Manufacturer"; Value = "Cherry"; VariantName = "[No Variations]"
Add component (AddParameter): Name = "Manufacturer URL"; Value = "http://cherryswitches.com/cn/"; VariantName = "[No Variations]"
Add component (AddParameter): Name = "Maximum AC Voltage Rating"; Value = "12V"; VariantName = "[No Variations]"
Add component (AddParameter): Name = "Maximum Contact Resistance"; Value = ""; VariantName = "[No Variations]"
Add component (AddParameter): Name = "Maximum Current Rating"; Value = "0.01A"; VariantName = "[No Variations]"
Add component (AddParameter): Name = "Maximum DC Voltage Rating"; Value = "12V"; VariantName = "[No Variations]"
Add component (AddParameter): Name = "Maximum Power Rating"; Value = "N/A"; VariantName = "[No Variations]"
Add component (AddParameter): Name = "Mechanical Life"; Value = "N/A"; VariantName = "[No Variations]"
Add component (AddParameter): Name = "Minimum Insulation Resistance"; Value = "100MOhm"; VariantName = "[No Variations]"
Add component (AddParameter): Name = "Mounting"; Value = "ThroughHole"; VariantName = "[No Variations]"
Add component (AddParameter): Name = "Mounting Technology"; Value = "ThroughHole"; VariantName = "[No Variations]"
Add component (AddParameter): Name = "Number of Terminals"; Value = "2"; VariantName = "[No Variations]"
Add component (AddParameter): Name = "Operating Force"; Value = "0.45N"; VariantName = "[No Variations]"
Add component (AddParameter): Name = "Operating Speed"; Value = "400mm/s"; VariantName = "[No Variations]"
Add component (AddParameter): Name = "Operating Temperature"; Value = "-10to70C"; VariantName = "[No Variations]"
Add component (AddParameter): Name = "Package Description"; Value = "4-Pin Through Hole Switch, Body 12 x 11.4 mm"; VariantName = "[No Variations]"
Add component (AddParameter): Name = "Package Reference"; Value = "ML1A-11JW"; VariantName = "[No Variations]"
Add component (AddParameter): Name = "Package URL"; Value = "http://cherryamericas.com/wp-content/uploads/2014/12/ml_cat.pdf"; VariantName = "[No Variations]"
Add component (AddParameter): Name = "Packaging"; Value = "N/A"; VariantName = "[No Variations]"
Add component (AddParameter): Name = "Part No"; Value = "ML1A11JW"; VariantName = "[No Variations]"
Add component (AddParameter): Name = "Pole Throw Configuration"; Value = "SPST"; VariantName = "[No Variations]"
Add component (AddParameter): Name = "RoHS"; Value = "Unknown"; VariantName = "[No Variations]"
Add component (AddParameter): Name = "Row Spacing"; Value = "10.16mm"; VariantName = "[No Variations]"
Add component (AddParameter): Name = "Supplier"; Value = "CherryElectrical"; VariantName = "[No Variations]"
Add component (AddParameter): Name = "Switch Configuration"; Value = "N/A"; VariantName = "[No Variations]"
Add component (AddParameter): Name = "Terminal Pitch"; Value = "N/R"; VariantName = "[No Variations]"
Add component (AddParameter): Name = "Terminal Type"; Value = "PCPins"; VariantName = "[No Variations]"
Add component (AddParameter): Name = "Total Travel"; Value = "3mm"; VariantName = "[No Variations]"
Add component (AddParameter): Name = "Type"; Value = "N/A"; VariantName = "[No Variations]"
Added Component: Designator=SW7(CHRY-ML1A-11JW_V)
Add component (AddParameter): Name = "Actuator Color"; Value = "N/A"; VariantName = "[No Variations]"
Add component (AddParameter): Name = "Actuator Length"; Value = "3mm"; VariantName = "[No Variations]"
Add component (AddParameter): Name = "Actuator Material"; Value = "N/A"; VariantName = "[No Variations]"
Add component (AddParameter): Name = "Actuator Style"; Value = "Button"; VariantName = "[No Variations]"
Add component (AddParameter): Name = "Body Orientation"; Value = "Straight"; VariantName = "[No Variations]"
Add component (AddParameter): Name = "Bounce Time"; Value = ""; VariantName = "[No Variations]"
Add component (AddParameter): Name = "Contact Material"; Value = "Gold/Silver"; VariantName = "[No Variations]"
Add component (AddParameter): Name = "Contact Plating"; Value = "N/A"; VariantName = "[No Variations]"
Add component (AddParameter): Name = "COO"; Value = "UK"; VariantName = "[No Variations]"
Add component (AddParameter): Name = "Datasheet URL"; Value = "http://www.cherry.de/PDF/EN_CHERRY_ML1A-xxxx.pdf"; VariantName = "[No Variations]"
Add component (AddParameter): Name = "Datasheet Version"; Value = "12/2015"; VariantName = "[No Variations]"
Add component (AddParameter): Name = "Dielectric Strength"; Value = "500VAC"; VariantName = "[No Variations]"
Add component (AddParameter): Name = "Dimension"; Value = "12x11.4x6.9mm"; VariantName = "[No Variations]"
Add component (AddParameter): Name = "ECCN"; Value = "EAR99"; VariantName = "[No Variations]"
Add component (AddParameter): Name = "Electrical Life"; Value = "N/A"; VariantName = "[No Variations]"
Add component (AddParameter): Name = "Family"; Value = "ML"; VariantName = "[No Variations]"
Add component (AddParameter): Name = "Housing Material"; Value = "N/A"; VariantName = "[No Variations]"
Add component (AddParameter): Name = "HTS"; Value = "8536509065"; VariantName = "[No Variations]"
Add component (AddParameter): Name = "Illumination Color"; Value = "N/R"; VariantName = "[No Variations]"
Add component (AddParameter): Name = "Illumination Type"; Value = "N/R"; VariantName = "[No Variations]"
Add component (AddParameter): Name = "IP Rating"; Value = "IP40"; VariantName = "[No Variations]"
Add component (AddParameter): Name = "Manufacturer"; Value = "Cherry"; VariantName = "[No Variations]"
Add component (AddParameter): Name = "Manufacturer URL"; Value = "http://cherryswitches.com/cn/"; VariantName = "[No Variations]"
Add component (AddParameter): Name = "Maximum AC Voltage Rating"; Value = "12V"; VariantName = "[No Variations]"
Add component (AddParameter): Name = "Maximum Contact Resistance"; Value = ""; VariantName = "[No Variations]"
Add component (AddParameter): Name = "Maximum Current Rating"; Value = "0.01A"; VariantName = "[No Variations]"
Add component (AddParameter): Name = "Maximum DC Voltage Rating"; Value = "12V"; VariantName = "[No Variations]"
Add component (AddParameter): Name = "Maximum Power Rating"; Value = "N/A"; VariantName = "[No Variations]"
Add component (AddParameter): Name = "Mechanical Life"; Value = "N/A"; VariantName = "[No Variations]"
Add component (AddParameter): Name = "Minimum Insulation Resistance"; Value = "100MOhm"; VariantName = "[No Variations]"
Add component (AddParameter): Name = "Mounting"; Value = "ThroughHole"; VariantName = "[No Variations]"
Add component (AddParameter): Name = "Mounting Technology"; Value = "ThroughHole"; VariantName = "[No Variations]"
Add component (AddParameter): Name = "Number of Terminals"; Value = "2"; VariantName = "[No Variations]"
Add component (AddParameter): Name = "Operating Force"; Value = "0.45N"; VariantName = "[No Variations]"
Add component (AddParameter): Name = "Operating Speed"; Value = "400mm/s"; VariantName = "[No Variations]"
Add component (AddParameter): Name = "Operating Temperature"; Value = "-10to70C"; VariantName = "[No Variations]"
Add component (AddParameter): Name = "Package Description"; Value = "4-Pin Through Hole Switch, Body 12 x 11.4 mm"; VariantName = "[No Variations]"
Add component (AddParameter): Name = "Package Reference"; Value = "ML1A-11JW"; VariantName = "[No Variations]"
Add component (AddParameter): Name = "Package URL"; Value = "http://cherryamericas.com/wp-content/uploads/2014/12/ml_cat.pdf"; VariantName = "[No Variations]"
Add component (AddParameter): Name = "Packaging"; Value = "N/A"; VariantName = "[No Variations]"
Add component (AddParameter): Name = "Part No"; Value = "ML1A11JW"; VariantName = "[No Variations]"
Add component (AddParameter): Name = "Pole Throw Configuration"; Value = "SPST"; VariantName = "[No Variations]"
Add component (AddParameter): Name = "RoHS"; Value = "Unknown"; VariantName = "[No Variations]"
Add component (AddParameter): Name = "Row Spacing"; Value = "10.16mm"; VariantName = "[No Variations]"
Add component (AddParameter): Name = "Supplier"; Value = "CherryElectrical"; VariantName = "[No Variations]"
Add component (AddParameter): Name = "Switch Configuration"; Value = "N/A"; VariantName = "[No Variations]"
Add component (AddParameter): Name = "Terminal Pitch"; Value = "N/R"; VariantName = "[No Variations]"
Add component (AddParameter): Name = "Terminal Type"; Value = "PCPins"; VariantName = "[No Variations]"
Add component (AddParameter): Name = "Total Travel"; Value = "3mm"; VariantName = "[No Variations]"
Add component (AddParameter): Name = "Type"; Value = "N/A"; VariantName = "[No Variations]"
Added Component: Designator=SW8(CHRY-ML1A-11JW_V)
Add component (AddParameter): Name = "Actuator Color"; Value = "N/A"; VariantName = "[No Variations]"
Add component (AddParameter): Name = "Actuator Length"; Value = "3mm"; VariantName = "[No Variations]"
Add component (AddParameter): Name = "Actuator Material"; Value = "N/A"; VariantName = "[No Variations]"
Add component (AddParameter): Name = "Actuator Style"; Value = "Button"; VariantName = "[No Variations]"
Add component (AddParameter): Name = "Body Orientation"; Value = "Straight"; VariantName = "[No Variations]"
Add component (AddParameter): Name = "Bounce Time"; Value = ""; VariantName = "[No Variations]"
Add component (AddParameter): Name = "Contact Material"; Value = "Gold/Silver"; VariantName = "[No Variations]"
Add component (AddParameter): Name = "Contact Plating"; Value = "N/A"; VariantName = "[No Variations]"
Add component (AddParameter): Name = "COO"; Value = "UK"; VariantName = "[No Variations]"
Add component (AddParameter): Name = "Datasheet URL"; Value = "http://www.cherry.de/PDF/EN_CHERRY_ML1A-xxxx.pdf"; VariantName = "[No Variations]"
Add component (AddParameter): Name = "Datasheet Version"; Value = "12/2015"; VariantName = "[No Variations]"
Add component (AddParameter): Name = "Dielectric Strength"; Value = "500VAC"; VariantName = "[No Variations]"
Add component (AddParameter): Name = "Dimension"; Value = "12x11.4x6.9mm"; VariantName = "[No Variations]"
Add component (AddParameter): Name = "ECCN"; Value = "EAR99"; VariantName = "[No Variations]"
Add component (AddParameter): Name = "Electrical Life"; Value = "N/A"; VariantName = "[No Variations]"
Add component (AddParameter): Name = "Family"; Value = "ML"; VariantName = "[No Variations]"
Add component (AddParameter): Name = "Housing Material"; Value = "N/A"; VariantName = "[No Variations]"
Add component (AddParameter): Name = "HTS"; Value = "8536509065"; VariantName = "[No Variations]"
Add component (AddParameter): Name = "Illumination Color"; Value = "N/R"; VariantName = "[No Variations]"
Add component (AddParameter): Name = "Illumination Type"; Value = "N/R"; VariantName = "[No Variations]"
Add component (AddParameter): Name = "IP Rating"; Value = "IP40"; VariantName = "[No Variations]"
Add component (AddParameter): Name = "Manufacturer"; Value = "Cherry"; VariantName = "[No Variations]"
Add component (AddParameter): Name = "Manufacturer URL"; Value = "http://cherryswitches.com/cn/"; VariantName = "[No Variations]"
Add component (AddParameter): Name = "Maximum AC Voltage Rating"; Value = "12V"; VariantName = "[No Variations]"
Add component (AddParameter): Name = "Maximum Contact Resistance"; Value = ""; VariantName = "[No Variations]"
Add component (AddParameter): Name = "Maximum Current Rating"; Value = "0.01A"; VariantName = "[No Variations]"
Add component (AddParameter): Name = "Maximum DC Voltage Rating"; Value = "12V"; VariantName = "[No Variations]"
Add component (AddParameter): Name = "Maximum Power Rating"; Value = "N/A"; VariantName = "[No Variations]"
Add component (AddParameter): Name = "Mechanical Life"; Value = "N/A"; VariantName = "[No Variations]"
Add component (AddParameter): Name = "Minimum Insulation Resistance"; Value = "100MOhm"; VariantName = "[No Variations]"
Add component (AddParameter): Name = "Mounting"; Value = "ThroughHole"; VariantName = "[No Variations]"
Add component (AddParameter): Name = "Mounting Technology"; Value = "ThroughHole"; VariantName = "[No Variations]"
Add component (AddParameter): Name = "Number of Terminals"; Value = "2"; VariantName = "[No Variations]"
Add component (AddParameter): Name = "Operating Force"; Value = "0.45N"; VariantName = "[No Variations]"
Add component (AddParameter): Name = "Operating Speed"; Value = "400mm/s"; VariantName = "[No Variations]"
Add component (AddParameter): Name = "Operating Temperature"; Value = "-10to70C"; VariantName = "[No Variations]"
Add component (AddParameter): Name = "Package Description"; Value = "4-Pin Through Hole Switch, Body 12 x 11.4 mm"; VariantName = "[No Variations]"
Add component (AddParameter): Name = "Package Reference"; Value = "ML1A-11JW"; VariantName = "[No Variations]"
Add component (AddParameter): Name = "Package URL"; Value = "http://cherryamericas.com/wp-content/uploads/2014/12/ml_cat.pdf"; VariantName = "[No Variations]"
Add component (AddParameter): Name = "Packaging"; Value = "N/A"; VariantName = "[No Variations]"
Add component (AddParameter): Name = "Part No"; Value = "ML1A11JW"; VariantName = "[No Variations]"
Add component (AddParameter): Name = "Pole Throw Configuration"; Value = "SPST"; VariantName = "[No Variations]"
Add component (AddParameter): Name = "RoHS"; Value = "Unknown"; VariantName = "[No Variations]"
Add component (AddParameter): Name = "Row Spacing"; Value = "10.16mm"; VariantName = "[No Variations]"
Add component (AddParameter): Name = "Supplier"; Value = "CherryElectrical"; VariantName = "[No Variations]"
Add component (AddParameter): Name = "Switch Configuration"; Value = "N/A"; VariantName = "[No Variations]"
Add component (AddParameter): Name = "Terminal Pitch"; Value = "N/R"; VariantName = "[No Variations]"
Add component (AddParameter): Name = "Terminal Type"; Value = "PCPins"; VariantName = "[No Variations]"
Add component (AddParameter): Name = "Total Travel"; Value = "3mm"; VariantName = "[No Variations]"
Add component (AddParameter): Name = "Type"; Value = "N/A"; VariantName = "[No Variations]"
Added Component: Designator=SW9(CHRY-ML1A-11JW_V)
Add component (AddParameter): Name = "Actuator Color"; Value = "N/A"; VariantName = "[No Variations]"
Add component (AddParameter): Name = "Actuator Length"; Value = "3mm"; VariantName = "[No Variations]"
Add component (AddParameter): Name = "Actuator Material"; Value = "N/A"; VariantName = "[No Variations]"
Add component (AddParameter): Name = "Actuator Style"; Value = "Button"; VariantName = "[No Variations]"
Add component (AddParameter): Name = "Body Orientation"; Value = "Straight"; VariantName = "[No Variations]"
Add component (AddParameter): Name = "Bounce Time"; Value = ""; VariantName = "[No Variations]"
Add component (AddParameter): Name = "Contact Material"; Value = "Gold/Silver"; VariantName = "[No Variations]"
Add component (AddParameter): Name = "Contact Plating"; Value = "N/A"; VariantName = "[No Variations]"
Add component (AddParameter): Name = "COO"; Value = "UK"; VariantName = "[No Variations]"
Add component (AddParameter): Name = "Datasheet URL"; Value = "http://www.cherry.de/PDF/EN_CHERRY_ML1A-xxxx.pdf"; VariantName = "[No Variations]"
Add component (AddParameter): Name = "Datasheet Version"; Value = "12/2015"; VariantName = "[No Variations]"
Add component (AddParameter): Name = "Dielectric Strength"; Value = "500VAC"; VariantName = "[No Variations]"
Add component (AddParameter): Name = "Dimension"; Value = "12x11.4x6.9mm"; VariantName = "[No Variations]"
Add component (AddParameter): Name = "ECCN"; Value = "EAR99"; VariantName = "[No Variations]"
Add component (AddParameter): Name = "Electrical Life"; Value = "N/A"; VariantName = "[No Variations]"
Add component (AddParameter): Name = "Family"; Value = "ML"; VariantName = "[No Variations]"
Add component (AddParameter): Name = "Housing Material"; Value = "N/A"; VariantName = "[No Variations]"
Add component (AddParameter): Name = "HTS"; Value = "8536509065"; VariantName = "[No Variations]"
Add component (AddParameter): Name = "Illumination Color"; Value = "N/R"; VariantName = "[No Variations]"
Add component (AddParameter): Name = "Illumination Type"; Value = "N/R"; VariantName = "[No Variations]"
Add component (AddParameter): Name = "IP Rating"; Value = "IP40"; VariantName = "[No Variations]"
Add component (AddParameter): Name = "Manufacturer"; Value = "Cherry"; VariantName = "[No Variations]"
Add component (AddParameter): Name = "Manufacturer URL"; Value = "http://cherryswitches.com/cn/"; VariantName = "[No Variations]"
Add component (AddParameter): Name = "Maximum AC Voltage Rating"; Value = "12V"; VariantName = "[No Variations]"
Add component (AddParameter): Name = "Maximum Contact Resistance"; Value = ""; VariantName = "[No Variations]"
Add component (AddParameter): Name = "Maximum Current Rating"; Value = "0.01A"; VariantName = "[No Variations]"
Add component (AddParameter): Name = "Maximum DC Voltage Rating"; Value = "12V"; VariantName = "[No Variations]"
Add component (AddParameter): Name = "Maximum Power Rating"; Value = "N/A"; VariantName = "[No Variations]"
Add component (AddParameter): Name = "Mechanical Life"; Value = "N/A"; VariantName = "[No Variations]"
Add component (AddParameter): Name = "Minimum Insulation Resistance"; Value = "100MOhm"; VariantName = "[No Variations]"
Add component (AddParameter): Name = "Mounting"; Value = "ThroughHole"; VariantName = "[No Variations]"
Add component (AddParameter): Name = "Mounting Technology"; Value = "ThroughHole"; VariantName = "[No Variations]"
Add component (AddParameter): Name = "Number of Terminals"; Value = "2"; VariantName = "[No Variations]"
Add component (AddParameter): Name = "Operating Force"; Value = "0.45N"; VariantName = "[No Variations]"
Add component (AddParameter): Name = "Operating Speed"; Value = "400mm/s"; VariantName = "[No Variations]"
Add component (AddParameter): Name = "Operating Temperature"; Value = "-10to70C"; VariantName = "[No Variations]"
Add component (AddParameter): Name = "Package Description"; Value = "4-Pin Through Hole Switch, Body 12 x 11.4 mm"; VariantName = "[No Variations]"
Add component (AddParameter): Name = "Package Reference"; Value = "ML1A-11JW"; VariantName = "[No Variations]"
Add component (AddParameter): Name = "Package URL"; Value = "http://cherryamericas.com/wp-content/uploads/2014/12/ml_cat.pdf"; VariantName = "[No Variations]"
Add component (AddParameter): Name = "Packaging"; Value = "N/A"; VariantName = "[No Variations]"
Add component (AddParameter): Name = "Part No"; Value = "ML1A11JW"; VariantName = "[No Variations]"
Add component (AddParameter): Name = "Pole Throw Configuration"; Value = "SPST"; VariantName = "[No Variations]"
Add component (AddParameter): Name = "RoHS"; Value = "Unknown"; VariantName = "[No Variations]"
Add component (AddParameter): Name = "Row Spacing"; Value = "10.16mm"; VariantName = "[No Variations]"
Add component (AddParameter): Name = "Supplier"; Value = "CherryElectrical"; VariantName = "[No Variations]"
Add component (AddParameter): Name = "Switch Configuration"; Value = "N/A"; VariantName = "[No Variations]"
Add component (AddParameter): Name = "Terminal Pitch"; Value = "N/R"; VariantName = "[No Variations]"
Add component (AddParameter): Name = "Terminal Type"; Value = "PCPins"; VariantName = "[No Variations]"
Add component (AddParameter): Name = "Total Travel"; Value = "3mm"; VariantName = "[No Variations]"
Add component (AddParameter): Name = "Type"; Value = "N/A"; VariantName = "[No Variations]"
Added Component: Designator=U1(KB2040)
Add component (AddParameter): Name = "ComponentLink1Description"; Value = "Datasheet"; VariantName = "[No Variations]"
Add component (AddParameter): Name = "ComponentLink1URL"; Value = "https://learn.adafruit.com/adafruit-kb2040/overview"; VariantName = "[No Variations]"
Added Component: Designator=U2(DCK0006A_M)
Add component (AddParameter): Name = "3-State Output"; Value = "Yes"; VariantName = "[No Variations]"
Add component (AddParameter): Name = "Bits(#)"; Value = "1"; VariantName = "[No Variations]"
Add component (AddParameter): Name = "DatasheetVersion"; Value = "SCES515K"; VariantName = "[No Variations]"
Add component (AddParameter): Name = "F @ Nom Voltage(Max)(Mhz)"; Value = "150"; VariantName = "[No Variations]"
Add component (AddParameter): Name = "Generic Part Number"; Value = "SN74LVC1T45"; VariantName = "[No Variations]"
Add component (AddParameter): Name = "ICC @ Nom Voltage(Max)(mA)"; Value = "0.004"; VariantName = "[No Variations]"
Add component (AddParameter): Name = "Input Type"; Value = "CMOS/TTL"; VariantName = "[No Variations]"
Add component (AddParameter): Name = "Logic"; Value = "True"; VariantName = "[No Variations]"
Add component (AddParameter): Name = "Manufacturer"; Value = "Texas Instruments"; VariantName = "[No Variations]"
Add component (AddParameter): Name = "Operating Temperature Range(C)"; Value = "-40 to 85"; VariantName = "[No Variations]"
Add component (AddParameter): Name = "Output Drive (IOL/IOH)(Max)(mA)"; Value = "32/-32"; VariantName = "[No Variations]"
Add component (AddParameter): Name = "Output Type"; Value = "CMOS"; VariantName = "[No Variations]"
Add component (AddParameter): Name = "PackageReference"; Value = "DCK0006A"; VariantName = "[No Variations]"
Add component (AddParameter): Name = "Rating"; Value = "Catalog"; VariantName = "[No Variations]"
Add component (AddParameter): Name = "Schmitt Trigger"; Value = "No"; VariantName = "[No Variations]"
Add component (AddParameter): Name = "Sub-Family"; Value = "Dual Supply Translator"; VariantName = "[No Variations]"
Add component (AddParameter): Name = "Technology Family"; Value = "LVC"; VariantName = "[No Variations]"
Add component (AddParameter): Name = "tpd @ Nom Voltage(Max)(ns)"; Value = "15.5,8,5.8,4.4"; VariantName = "[No Variations]"
Add component (AddParameter): Name = "VCC(Max)(V)"; Value = "5.5"; VariantName = "[No Variations]"
Add component (AddParameter): Name = "VCC(Min)(V)"; Value = "1.65"; VariantName = "[No Variations]"
Add component (AddParameter): Name = "Voltage(Nom)(V)"; Value = "1.8,2.5,3.3,5"; VariantName = "[No Variations]"
Added Pin To Net: NetName=+5 Pin=D10-3
Added Pin To Net: NetName=+5 Pin=D11-3
Added Pin To Net: NetName=+5 Pin=D12-3
Added Pin To Net: NetName=+5 Pin=D13-3
Added Pin To Net: NetName=+5 Pin=D14-3
Added Pin To Net: NetName=+5 Pin=D15-3
Added Pin To Net: NetName=+5 Pin=D16-3
Added Pin To Net: NetName=+5 Pin=D17-3
Added Pin To Net: NetName=+5 Pin=D18-3
Added Pin To Net: NetName=+5 Pin=D19-3
Added Pin To Net: NetName=+5 Pin=U1-121
Added Pin To Net: NetName=+5 Pin=U2-6
Added Net: Name=+5
Added Pin To Net: NetName=3V3 Pin=R1-3
Added Pin To Net: NetName=3V3 Pin=U1-124
Added Pin To Net: NetName=3V3 Pin=U2-1
Added Pin To Net: NetName=3V3 Pin=U2-5
Added Net: Name=3V3
Added Pin To Net: NetName=GND Pin=D10-1
Added Pin To Net: NetName=GND Pin=D11-1
Added Pin To Net: NetName=GND Pin=D12-1
Added Pin To Net: NetName=GND Pin=D13-1
Added Pin To Net: NetName=GND Pin=D14-1
Added Pin To Net: NetName=GND Pin=D15-1
Added Pin To Net: NetName=GND Pin=D16-1
Added Pin To Net: NetName=GND Pin=D17-1
Added Pin To Net: NetName=GND Pin=D18-1
Added Pin To Net: NetName=GND Pin=D19-1
Added Pin To Net: NetName=GND Pin=R1-1
Added Pin To Net: NetName=GND Pin=R2-1
Added Pin To Net: NetName=GND Pin=R3-1
Added Pin To Net: NetName=GND Pin=R4-1
Added Pin To Net: NetName=GND Pin=U1-110
Added Pin To Net: NetName=GND Pin=U1-111
Added Pin To Net: NetName=GND Pin=U1-122
Added Pin To Net: NetName=GND Pin=U2-2
Added Net: Name=GND
Added Pin To Net: NetName=LED_Din Pin=U1-132
Added Pin To Net: NetName=LED_Din Pin=U2-3
Added Net: Name=LED_Din
Added Pin To Net: NetName=LIN_POT Pin=R1-2
Added Pin To Net: NetName=LIN_POT Pin=U1-128
Added Net: Name=LIN_POT
Added Pin To Net: NetName=NetD1_1 Pin=D1-1
Added Pin To Net: NetName=NetD1_1 Pin=SW1-2
Added Net: Name=NetD1_1
Added Pin To Net: NetName=NetD2_1 Pin=D2-1
Added Pin To Net: NetName=NetD2_1 Pin=SW2-2
Added Net: Name=NetD2_1
Added Pin To Net: NetName=NetD3_1 Pin=D3-1
Added Pin To Net: NetName=NetD3_1 Pin=SW3-2
Added Net: Name=NetD3_1
Added Pin To Net: NetName=NetD4_1 Pin=D4-1
Added Pin To Net: NetName=NetD4_1 Pin=SW4-2
Added Net: Name=NetD4_1
Added Pin To Net: NetName=NetD5_1 Pin=D5-1
Added Pin To Net: NetName=NetD5_1 Pin=SW5-2
Added Net: Name=NetD5_1
Added Pin To Net: NetName=NetD6_1 Pin=D6-1
Added Pin To Net: NetName=NetD6_1 Pin=SW6-2
Added Net: Name=NetD6_1
Added Pin To Net: NetName=NetD7_1 Pin=D7-1
Added Pin To Net: NetName=NetD7_1 Pin=SW7-2
Added Net: Name=NetD7_1
Added Pin To Net: NetName=NetD8_1 Pin=D8-1
Added Pin To Net: NetName=NetD8_1 Pin=SW8-2
Added Net: Name=NetD8_1
Added Pin To Net: NetName=NetD9_1 Pin=D9-1
Added Pin To Net: NetName=NetD9_1 Pin=SW9-2
Added Net: Name=NetD9_1
Added Pin To Net: NetName=NetD10_2 Pin=D10-2
Added Pin To Net: NetName=NetD10_2 Pin=R5-2
Added Net: Name=NetD10_2
Added Pin To Net: NetName=NetD10_4 Pin=D10-4
Added Pin To Net: NetName=NetD10_4 Pin=D11-2
Added Net: Name=NetD10_4
Added Pin To Net: NetName=NetD11_4 Pin=D11-4
Added Pin To Net: NetName=NetD11_4 Pin=D12-2
Added Net: Name=NetD11_4
Added Pin To Net: NetName=NetD12_4 Pin=D12-4
Added Pin To Net: NetName=NetD12_4 Pin=D13-2
Added Net: Name=NetD12_4
Added Pin To Net: NetName=NetD13_4 Pin=D13-4
Added Pin To Net: NetName=NetD13_4 Pin=D17-2
Added Net: Name=NetD13_4
Added Pin To Net: NetName=NetD14_2 Pin=D14-2
Added Pin To Net: NetName=NetD14_2 Pin=D19-4
Added Net: Name=NetD14_2
Added Pin To Net: NetName=NetD14_4 Pin=D14-4
Added Pin To Net: NetName=NetD14_4 Pin=D15-2
Added Net: Name=NetD14_4
Added Pin To Net: NetName=NetD15_4 Pin=D15-4
Added Pin To Net: NetName=NetD15_4 Pin=D16-2
Added Net: Name=NetD15_4
Added Pin To Net: NetName=NetD17_4 Pin=D17-4
Added Pin To Net: NetName=NetD17_4 Pin=D18-2
Added Net: Name=NetD17_4
Added Pin To Net: NetName=NetD18_4 Pin=D18-4
Added Pin To Net: NetName=NetD18_4 Pin=D19-2
Added Net: Name=NetD18_4
Added Pin To Net: NetName=NetR5_1 Pin=R5-1
Added Pin To Net: NetName=NetR5_1 Pin=U2-4
Added Net: Name=NetR5_1
Added Pin To Net: NetName=READ0 Pin=SW1-1
Added Pin To Net: NetName=READ0 Pin=SW4-1
Added Pin To Net: NetName=READ0 Pin=SW7-1
Added Pin To Net: NetName=READ0 Pin=U1-108
Added Net: Name=READ0
Added Pin To Net: NetName=READ1 Pin=SW2-1
Added Pin To Net: NetName=READ1 Pin=SW5-1
Added Pin To Net: NetName=READ1 Pin=SW8-1
Added Pin To Net: NetName=READ1 Pin=U1-109
Added Net: Name=READ1
Added Pin To Net: NetName=READ2 Pin=SW3-1
Added Pin To Net: NetName=READ2 Pin=SW6-1
Added Pin To Net: NetName=READ2 Pin=SW9-1
Added Pin To Net: NetName=READ2 Pin=U1-112
Added Net: Name=READ2
Added Pin To Net: NetName=SCAN0 Pin=D1-2
Added Pin To Net: NetName=SCAN0 Pin=D2-2
Added Pin To Net: NetName=SCAN0 Pin=D3-2
Added Pin To Net: NetName=SCAN0 Pin=R2-2
Added Pin To Net: NetName=SCAN0 Pin=U1-113
Added Net: Name=SCAN0
Added Pin To Net: NetName=SCAN1 Pin=D4-2
Added Pin To Net: NetName=SCAN1 Pin=D5-2
Added Pin To Net: NetName=SCAN1 Pin=D6-2
Added Pin To Net: NetName=SCAN1 Pin=R3-2
Added Pin To Net: NetName=SCAN1 Pin=U1-114
Added Net: Name=SCAN1
Added Pin To Net: NetName=SCAN2 Pin=D7-2
Added Pin To Net: NetName=SCAN2 Pin=D8-2
Added Pin To Net: NetName=SCAN2 Pin=D9-2
Added Pin To Net: NetName=SCAN2 Pin=R4-2
Added Pin To Net: NetName=SCAN2 Pin=U1-115
Added Net: Name=SCAN2
Added Class: Name=Solo Board1
Added Rule: Name=Schematic Supply Nets
Added Rule: Name=Schematic Supply Nets_1
Added Rule: Name=Schematic Supply Nets_2
